"Species","Date","Site","Plant","Flower","Stigma","Pollen","Obs_count","Notes","Flower_height","Flower_min","Flower_max","D1","D2","D3","D4","D5","Stems","Time","Population","Obs_field"
"Purple stigma grass",2021-07-16,"FBF1","1","A",1,49,"Jeremiah","Some were up ro 40 um, however the pollen stalk is reaching to the stigma so I assumed it was the right pollen. Some appeared crushed or cleft, but in the right context and the right size so I counted them, too.",54,52,59,14,16,16,13,14,5,"10:00 AM","FBF","Claire"
"Purple stigma grass",2021-07-16,"FBF1","1","A",2,20,"Jeremiah","",54,52,59,14,16,16,13,14,5,"10:00 AM","FBF","Claire"
"Purple stigma grass",2021-07-16,"FBF1","1","B",1,28,"Claire","",55,52,59,14,16,16,13,14,5,"10:00 AM","FBF","Claire"
"Purple stigma grass",2021-07-16,"FBF1","1","B",2,27,"Claire","",55,52,59,14,16,16,13,14,5,"10:00 AM","FBF","Claire"
"Purple stigma grass",2021-07-16,"FBF1","1","C",1,17,"Claire","",57,52,59,14,16,16,13,14,5,"10:00 AM","FBF","Claire"
"Purple stigma grass",2021-07-16,"FBF1","1","C",2,39,"Claire","",57,52,59,14,16,16,13,14,5,"10:00 AM","FBF","Claire"
"Purple stigma grass",2021-07-16,"FBF1","10","A",1,55,"Claire","",47.5,47,53.5,8,13,17,21,16,5,"10:00 AM","FBF","Claire"
"Purple stigma grass",2021-07-16,"FBF1","10","A",2,57,"Claire","",47.5,47,53.5,8,13,17,21,16,5,"10:00 AM","FBF","Claire"
"Purple stigma grass",2021-07-16,"FBF1","10","B",1,55,"Claire","",51,47,53.5,8,13,17,21,16,5,"10:00 AM","FBF","Claire"
"Purple stigma grass",2021-07-16,"FBF1","10","B",2,17,"Claire","",51,47,53.5,8,13,17,21,16,5,"10:00 AM","FBF","Claire"
"Purple stigma grass",2021-07-16,"FBF1","10","C",1,9,"Claire","",52.5,47,53.5,8,13,17,21,16,5,"10:00 AM","FBF","Claire"
"Purple stigma grass",2021-07-16,"FBF1","10","C",2,21,"Claire","",52.5,47,53.5,8,13,17,21,16,5,"10:00 AM","FBF","Claire"
"Purple stigma grass",2021-07-16,"FBF1","11","A",1,43,"Claire","",38,37,42.5,8,9,10,13,18,6,"10:00 AM","FBF","Claire"
"Purple stigma grass",2021-07-16,"FBF1","11","A",2,29,"Claire","",38,37,42.5,8,9,10,13,18,6,"10:00 AM","FBF","Claire"
"Purple stigma grass",2021-07-16,"FBF1","11","B",1,28,"Claire","",39,37,42.5,8,9,10,13,18,6,"10:00 AM","FBF","Claire"
"Purple stigma grass",2021-07-16,"FBF1","11","B",2,15,"Claire","",39,37,42.5,8,9,10,13,18,6,"10:00 AM","FBF","Claire"
"Purple stigma grass",2021-07-16,"FBF1","11","B2",1,12,"Claire","",NA,NA,NA,NA,NA,NA,NA,NA,NA,NA,NA,NA
"Purple stigma grass",2021-07-16,"FBF1","11","B2",2,11,"Claire","",NA,NA,NA,NA,NA,NA,NA,NA,NA,NA,NA,NA
"Purple stigma grass",2021-07-16,"FBF1","11","C",1,10,"Claire","",40.5,37,42.5,8,9,10,13,18,6,"10:00 AM","FBF","Claire"
"Purple stigma grass",2021-07-16,"FBF1","11","C",2,10,"Claire","",40.5,37,42.5,8,9,10,13,18,6,"10:00 AM","FBF","Claire"
"Purple stigma grass",2021-07-16,"FBF1","12","A",1,46,"Claire","",40.5,39,45.5,15,18,22,20,15,4,"10:00 AM","FBF","Claire"
"Purple stigma grass",2021-07-16,"FBF1","12","A",2,59,"Claire","",40.5,39,45.5,15,18,22,20,15,4,"10:00 AM","FBF","Claire"
"Purple stigma grass",2021-07-16,"FBF1","12","B",1,30,"Claire","",43,39,45.5,15,18,22,20,15,4,"10:00 AM","FBF","Claire"
"Purple stigma grass",2021-07-16,"FBF1","12","B",2,33,"Claire","",43,39,45.5,15,18,22,20,15,4,"10:00 AM","FBF","Claire"
"Purple stigma grass",2021-07-16,"FBF1","12","C",1,41,"Claire","",45,39,45.5,15,18,22,20,15,4,"10:00 AM","FBF","Claire"
"Purple stigma grass",2021-07-16,"FBF1","12","C",2,24,"Claire","",45,39,45.5,15,18,22,20,15,4,"10:00 AM","FBF","Claire"
"Purple stigma grass",2021-07-16,"FBF1","13","A",1,37,"Claire","",42.5,41.5,44.5,10,14,15,11,14,1,"10:00 AM","FBF","Claire"
"Purple stigma grass",2021-07-16,"FBF1","13","A",2,30,"Claire","",42.5,41.5,44.5,10,14,15,11,14,1,"10:00 AM","FBF","Claire"
"Purple stigma grass",2021-07-16,"FBF1","13","B",1,31,"Jeremiah","",41.5,41.5,44.5,10,14,15,11,14,1,"10:00 AM","FBF","Claire"
"Purple stigma grass",2021-07-16,"FBF1","13","B",2,NA,"Jeremiah","",41.5,41.5,44.5,10,14,15,11,14,1,"10:00 AM","FBF","Claire"
"Purple stigma grass",2021-07-16,"FBF1","13","C",1,68,"Claire","",42.5,41.5,44.5,10,14,15,11,14,1,"10:00 AM","FBF","Claire"
"Purple stigma grass",2021-07-16,"FBF1","13","C",2,41,"Claire","",42.5,41.5,44.5,10,14,15,11,14,1,"10:00 AM","FBF","Claire"
"Purple stigma grass",2021-07-16,"FBF1","14","A",1,10,"Claire","",54,53,60,3,14,11,17,15,1,"10:00 AM","FBF","Claire"
"Purple stigma grass",2021-07-16,"FBF1","14","A",2,23,"Claire","",54,53,60,3,14,11,17,15,1,"10:00 AM","FBF","Claire"
"Purple stigma grass",2021-07-16,"FBF1","14","B",1,18,"Claire","",56.5,53,60,3,14,11,17,15,1,"10:00 AM","FBF","Claire"
"Purple stigma grass",2021-07-16,"FBF1","14","B",2,8,"Claire","",56.5,53,60,3,14,11,17,15,1,"10:00 AM","FBF","Claire"
"Purple stigma grass",2021-07-16,"FBF1","14","C",1,21,"Jeremiah","",59.5,53,60,3,14,11,17,15,1,"10:00 AM","FBF","Claire"
"Purple stigma grass",2021-07-16,"FBF1","14","C",2,16,"Jeremiah","",59.5,53,60,3,14,11,17,15,1,"10:00 AM","FBF","Claire"
"Purple stigma grass",2021-07-16,"FBF1","15","A",1,26,"Claire","",41,40,47,15,15,23,23,25,2,"10:00 AM","FBF","Claire"
"Purple stigma grass",2021-07-16,"FBF1","15","A",2,34,"Claire","",41,40,47,15,15,23,23,25,2,"10:00 AM","FBF","Claire"
"Purple stigma grass",2021-07-16,"FBF1","15","B",1,31,"Claire","",43.5,40,47,15,15,23,23,25,2,"10:00 AM","FBF","Claire"
"Purple stigma grass",2021-07-16,"FBF1","15","B",2,44,"Claire","",43.5,40,47,15,15,23,23,25,2,"10:00 AM","FBF","Claire"
"Purple stigma grass",2021-07-16,"FBF1","15","C",1,64,"Claire","",46,40,47,15,15,23,23,25,2,"10:00 AM","FBF","Claire"
"Purple stigma grass",2021-07-16,"FBF1","15","C",2,47,"Claire","",46,40,47,15,15,23,23,25,2,"10:00 AM","FBF","Claire"
"Purple stigma grass",2021-07-16,"FBF2","16","A",1,20,"Jeremiah","",36,30,38,22,13,25,25,12,3,"11:00 AM","FBF","Isabeau"
"Purple stigma grass",2021-07-16,"FBF2","16","A",2,64,"Jeremiah","",36,30,38,22,13,25,25,12,3,"11:00 AM","FBF","Isabeau"
"Purple stigma grass",2021-07-16,"FBF2","16","B",1,17,"Jeremiah","",32,30,38,22,13,25,25,12,3,"11:00 AM","FBF","Isabeau"
"Purple stigma grass",2021-07-16,"FBF2","16","B",2,3,"Jeremiah","",32,30,38,22,13,25,25,12,3,"11:00 AM","FBF","Isabeau"
"Purple stigma grass",2021-07-16,"FBF2","16","C",1,33,"Jeremiah","",35.5,30,38,22,13,25,25,12,3,"11:00 AM","FBF","Isabeau"
"Purple stigma grass",2021-07-16,"FBF2","16","C",2,21,"Jeremiah","",35.5,30,38,22,13,25,25,12,3,"11:00 AM","FBF","Isabeau"
"Purple stigma grass",2021-07-16,"FBF2","17","A",1,15,"Jeremiah","",46,41,47.5,17,23,13,7,14,4,"11:00 AM","FBF","Isabeau"
"Purple stigma grass",2021-07-16,"FBF2","17","A",2,26,"Jeremiah","",46,41,47.5,17,23,13,7,14,4,"11:00 AM","FBF","Isabeau"
"Purple stigma grass",2021-07-16,"FBF2","17","B",1,4,"Jeremiah","",45,41,47.5,17,23,13,7,14,4,"11:00 AM","FBF","Isabeau"
"Purple stigma grass",2021-07-16,"FBF2","17","B",2,6,"Jeremiah","",45,41,47.5,17,23,13,7,14,4,"11:00 AM","FBF","Isabeau"
"Purple stigma grass",2021-07-16,"FBF2","17","C",1,24,"Jeremiah","",42.5,41,47.5,17,23,13,7,14,4,"11:00 AM","FBF","Isabeau"
"Purple stigma grass",2021-07-16,"FBF2","17","C",2,40,"Jeremiah","",42.5,41,47.5,17,23,13,7,14,4,"11:00 AM","FBF","Isabeau"
"Purple stigma grass",2021-07-16,"FBF2","18","A",1,28,"Jeremiah","",37.5,35.5,43,12,13,10,16,11,4,"11:00 AM","FBF","Isabeau"
"Purple stigma grass",2021-07-16,"FBF2","18","A",2,12,"Jeremiah","",37.5,35.5,43,12,13,10,16,11,4,"11:00 AM","FBF","Isabeau"
"Purple stigma grass",2021-07-16,"FBF2","18","B",1,27,"Jeremiah","",37.5,35.5,43,12,13,10,16,11,4,"11:00 AM","FBF","Isabeau"
"Purple stigma grass",2021-07-16,"FBF2","18","B",2,8,"Jeremiah","",37.5,35.5,43,12,13,10,16,11,4,"11:00 AM","FBF","Isabeau"
"Purple stigma grass",2021-07-16,"FBF2","18","C",1,16,"Jeremiah","",39,35.5,43,12,13,10,16,11,4,"11:00 AM","FBF","Isabeau"
"Purple stigma grass",2021-07-16,"FBF2","18","C",2,9,"Jeremiah","",39,35.5,43,12,13,10,16,11,4,"11:00 AM","FBF","Isabeau"
"Purple stigma grass",2021-07-16,"FBF2","18","D",1,49,"Jeremiah","",42.5,35.5,43,12,13,10,16,11,4,"11:00 AM","FBF","Isabeau"
"Purple stigma grass",2021-07-16,"FBF2","18","D",2,36,"Jeremiah","",42.5,35.5,43,12,13,10,16,11,4,"11:00 AM","FBF","Isabeau"
"Purple stigma grass",2021-07-16,"FBF2","19","A",1,34,"Jeremiah","",49,46,52.5,15,24,32,26,25,10,"11:00 AM","FBF","Isabeau"
"Purple stigma grass",2021-07-16,"FBF2","19","A",2,28,"Jeremiah","",49,46,52.5,15,24,32,26,25,10,"11:00 AM","FBF","Isabeau"
"Purple stigma grass",2021-07-16,"FBF2","19","B",1,57,"Jeremiah","",46.5,46,52.5,15,24,32,26,25,10,"11:00 AM","FBF","Isabeau"
"Purple stigma grass",2021-07-16,"FBF2","19","B",2,54,"Jeremiah","",46.5,46,52.5,15,24,32,26,25,10,"11:00 AM","FBF","Isabeau"
"Purple stigma grass",2021-07-16,"FBF2","19","C",1,7,"Jeremiah","",51,46,52.5,15,24,32,26,25,10,"11:00 AM","FBF","Isabeau"
"Purple stigma grass",2021-07-16,"FBF2","19","C",2,2,"Jeremiah","",51,46,52.5,15,24,32,26,25,10,"11:00 AM","FBF","Isabeau"
"Purple stigma grass",2021-07-16,"FBF1","2","A",1,31,"Claire","",65,62,70.5,8,9,19,20,17,2,"10:00 AM","FBF","Claire"
"Purple stigma grass",2021-07-16,"FBF1","2","A",2,78,"Claire","",65,62,70.5,8,9,19,20,17,2,"10:00 AM","FBF","Claire"
"Purple stigma grass",2021-07-16,"FBF1","2","B",1,27,"Claire","",66.5,62,70.5,8,9,19,20,17,2,"10:00 AM","FBF","Claire"
"Purple stigma grass",2021-07-16,"FBF1","2","B",2,30,"Claire","",66.5,62,70.5,8,9,19,20,17,2,"10:00 AM","FBF","Claire"
"Purple stigma grass",2021-07-16,"FBF1","2","C",1,16,"Claire","",69,62,70.5,8,9,19,20,17,2,"10:00 AM","FBF","Claire"
"Purple stigma grass",2021-07-16,"FBF1","2","C",2,58,"Claire","",69,62,70.5,8,9,19,20,17,2,"10:00 AM","FBF","Claire"
"Purple stigma grass",2021-07-16,"FBF2","20","A",1,66,"Jeremiah","",38,33.5,42.5,16,13,12,8,11,2,"11:00 AM","FBF","Isabeau"
"Purple stigma grass",2021-07-16,"FBF2","20","A",2,77,"Jeremiah","",38,33.5,42.5,16,13,12,8,11,2,"11:00 AM","FBF","Isabeau"
"Purple stigma grass",2021-07-16,"FBF2","20","B",1,54,"Jeremiah","",40,33.5,42.5,16,13,12,8,11,2,"11:00 AM","FBF","Isabeau"
"Purple stigma grass",2021-07-16,"FBF2","20","B",2,60,"Jeremiah","",40,33.5,42.5,16,13,12,8,11,2,"11:00 AM","FBF","Isabeau"
"Purple stigma grass",2021-07-16,"FBF2","20","C",1,21,"Jeremiah","",41.5,33.5,42.5,16,13,12,8,11,2,"11:00 AM","FBF","Isabeau"
"Purple stigma grass",2021-07-16,"FBF2","20","C",2,57,"Jeremiah","",41.5,33.5,42.5,16,13,12,8,11,2,"11:00 AM","FBF","Isabeau"
"Purple stigma grass",2021-07-16,"FBF2","21","A",1,89,"Jeremiah","",37,36.5,40.5,9,12,15,25,16,6,"11:00 AM","FBF","Isabeau"
"Purple stigma grass",2021-07-16,"FBF2","21","A",2,76,"Jeremiah","",37,36.5,40.5,9,12,15,25,16,6,"11:00 AM","FBF","Isabeau"
"Purple stigma grass",2021-07-16,"FBF2","21","B",1,22,"Jeremiah","",39,36.5,40.5,9,12,15,25,16,6,"11:00 AM","FBF","Isabeau"
"Purple stigma grass",2021-07-16,"FBF2","21","B",2,11,"Jeremiah","",39,36.5,40.5,9,12,15,25,16,6,"11:00 AM","FBF","Isabeau"
"Purple stigma grass",2021-07-16,"FBF2","21","C",1,26,"Jeremiah","",39.5,36.5,40.5,9,12,15,25,16,6,"11:00 AM","FBF","Isabeau"
"Purple stigma grass",2021-07-16,"FBF2","21","C",2,11,"Jeremiah","",39.5,36.5,40.5,9,12,15,25,16,6,"11:00 AM","FBF","Isabeau"
"Purple stigma grass",2021-07-16,"FBF2","22","A",1,33,"Jeremiah","",41.5,40,47.5,7,18,16,19,20,3,"11:00 AM","FBF","Isabeau"
"Purple stigma grass",2021-07-16,"FBF2","22","A",2,24,"Jeremiah","",41.5,40,47.5,7,18,16,19,20,3,"11:00 AM","FBF","Isabeau"
"Purple stigma grass",2021-07-16,"FBF2","22","B",1,16,"Jeremiah","",43.5,40,47.5,7,18,16,19,20,3,"11:00 AM","FBF","Isabeau"
"Purple stigma grass",2021-07-16,"FBF2","22","B",2,6,"Jeremiah","",43.5,40,47.5,7,18,16,19,20,3,"11:00 AM","FBF","Isabeau"
"Purple stigma grass",2021-07-16,"FBF2","22","C",1,47,"Jeremiah","",46,40,47.5,7,18,16,19,20,3,"11:00 AM","FBF","Isabeau"
"Purple stigma grass",2021-07-16,"FBF2","22","C",2,61,"Jeremiah","",46,40,47.5,7,18,16,19,20,3,"11:00 AM","FBF","Isabeau"
"Purple stigma grass",2021-07-16,"FBF2","23","A",1,24,"Jeremiah","",48.5,48,54,12,20,19,15,10,3,"11:00 AM","FBF","Isabeau"
"Purple stigma grass",2021-07-16,"FBF2","23","A",2,15,"Jeremiah","",48.5,48,54,12,20,19,15,10,3,"11:00 AM","FBF","Isabeau"
"Purple stigma grass",2021-07-16,"FBF2","23","B",1,34,"Jeremiah","",51,48,54,12,20,19,15,10,3,"11:00 AM","FBF","Isabeau"
"Purple stigma grass",2021-07-16,"FBF2","23","B",2,13,"Jeremiah","",51,48,54,12,20,19,15,10,3,"11:00 AM","FBF","Isabeau"
"Purple stigma grass",2021-07-16,"FBF2","23","C",1,10,"Jeremiah","",54,48,54,12,20,19,15,10,3,"11:00 AM","FBF","Isabeau"
"Purple stigma grass",2021-07-16,"FBF2","23","C",2,14,"Jeremiah","",54,48,54,12,20,19,15,10,3,"11:00 AM","FBF","Isabeau"
"Purple stigma grass",2021-07-16,"FBF2","24","A",1,21,"Jeremiah","",34.5,33,40.5,14,16,19,27,12,3,"11:00 AM","FBF","Isabeau"
"Purple stigma grass",2021-07-16,"FBF2","24","A",2,38,"Jeremiah","",34.5,33,40.5,14,16,19,27,12,3,"11:00 AM","FBF","Isabeau"
"Purple stigma grass",2021-07-16,"FBF2","24","C",1,7,"Jeremiah","",40.5,33,40.5,14,16,19,27,12,3,"11:00 AM","FBF","Isabeau"
"Purple stigma grass",2021-07-16,"FBF2","24","C",2,6,"Jeremiah","",40.5,33,40.5,14,16,19,27,12,3,"11:00 AM","FBF","Isabeau"
"Purple stigma grass",2021-07-16,"FBF2","25","A",1,15,"Jeremiah","",42,40.5,46.5,9,13,23,23,25,5,"11:00 AM","FBF","Isabeau"
"Purple stigma grass",2021-07-16,"FBF2","25","A",2,34,"Jeremiah","",42,40.5,46.5,9,13,23,23,25,5,"11:00 AM","FBF","Isabeau"
"Purple stigma grass",2021-07-16,"FBF2","25","B",1,21,"Jeremiah","",43,40.5,46.5,9,13,23,23,25,5,"11:00 AM","FBF","Isabeau"
"Purple stigma grass",2021-07-16,"FBF2","25","B",2,15,"Jeremiah","",43,40.5,46.5,9,13,23,23,25,5,"11:00 AM","FBF","Isabeau"
"Purple stigma grass",2021-07-16,"FBF2","25","C",1,41,"Jeremiah","",45.5,40.5,46.5,9,13,23,23,25,5,"11:00 AM","FBF","Isabeau"
"Purple stigma grass",2021-07-16,"FBF2","25","C",2,33,"Jeremiah","",45.5,40.5,46.5,9,13,23,23,25,5,"11:00 AM","FBF","Isabeau"
"Purple stigma grass",2021-07-16,"FBF2","26","A",1,23,"Jeremiah","",33.5,32,38.5,15,10,16,17,24,1,"12:00 PM","FBF","Isabeau"
"Purple stigma grass",2021-07-16,"FBF2","26","A",2,9,"Jeremiah","",33.5,32,38.5,15,10,16,17,24,1,"12:00 PM","FBF","Isabeau"
"Purple stigma grass",2021-07-16,"FBF2","26","B",1,15,"Jeremiah","",35,32,38.5,15,10,16,17,24,1,"12:00 PM","FBF","Isabeau"
"Purple stigma grass",2021-07-16,"FBF2","26","B",2,18,"Jeremiah","",35,32,38.5,15,10,16,17,24,1,"12:00 PM","FBF","Isabeau"
"Purple stigma grass",2021-07-16,"FBF2","26","C",1,1,"Jeremiah","",37.5,32,38.5,15,10,16,17,24,1,"12:00 PM","FBF","Isabeau"
"Purple stigma grass",2021-07-16,"FBF2","26","C",2,11,"Jeremiah","",37.5,32,38.5,15,10,16,17,24,1,"12:00 PM","FBF","Isabeau"
"Purple stigma grass",2021-07-16,"FBF2","27","A",1,4,"Jeremiah","",36,32,39.5,17,30,24,29,18,1,"12:00 PM","FBF","Isabeau"
"Purple stigma grass",2021-07-16,"FBF2","27","A",2,14,"Jeremiah","",36,32,39.5,17,30,24,29,18,1,"12:00 PM","FBF","Isabeau"
"Purple stigma grass",2021-07-16,"FBF2","27","B",1,35,"Jeremiah","",37.5,32,39.5,17,30,24,29,18,1,"12:00 PM","FBF","Isabeau"
"Purple stigma grass",2021-07-16,"FBF2","27","B",2,32,"Jeremiah","",37.5,32,39.5,17,30,24,29,18,1,"12:00 PM","FBF","Isabeau"
"Purple stigma grass",2021-07-16,"FBF2","27","C",1,16,"Jeremiah","",38.5,32,39.5,17,30,24,29,18,1,"12:00 PM","FBF","Isabeau"
"Purple stigma grass",2021-07-16,"FBF2","27","C",2,9,"Jeremiah","",38.5,32,39.5,17,30,24,29,18,1,"12:00 PM","FBF","Isabeau"
"Purple stigma grass",2021-07-16,"FBF2","28","A",1,9,"Jeremiah","",33,32,38.5,13,22,23,31,32,1,"12:00 PM","FBF","Isabeau"
"Purple stigma grass",2021-07-16,"FBF2","28","A",2,NA,"Jeremiah","Only one stigma in the tube",33,32,38.5,13,22,23,31,32,1,"12:00 PM","FBF","Isabeau"
"Purple stigma grass",2021-07-16,"FBF2","28","B",1,16,"Jeremiah","",35,32,38.5,13,22,23,31,32,1,"12:00 PM","FBF","Isabeau"
"Purple stigma grass",2021-07-16,"FBF2","28","B",2,7,"Jeremiah","",35,32,38.5,13,22,23,31,32,1,"12:00 PM","FBF","Isabeau"
"Purple stigma grass",2021-07-16,"FBF2","28","B",1,4,"Jeremiah","",35,32,38.5,13,22,23,31,32,1,"12:00 PM","FBF","Isabeau"
"Purple stigma grass",2021-07-16,"FBF2","28","B",2,2,"Jeremiah","",35,32,38.5,13,22,23,31,32,1,"12:00 PM","FBF","Isabeau"
"Purple stigma grass",2021-07-16,"FBF2","28","C",1,5,"Jeremiah","",38.5,32,38.5,13,22,23,31,32,1,"12:00 PM","FBF","Isabeau"
"Purple stigma grass",2021-07-16,"FBF2","28","C",2,3,"Jeremiah","",38.5,32,38.5,13,22,23,31,32,1,"12:00 PM","FBF","Isabeau"
"Purple stigma grass",2021-07-16,"FBF2","29","A",1,31,"Jeremiah","",35,33,40,17,18,22,27,25,2,"12:00 PM","FBF","Isabeau"
"Purple stigma grass",2021-07-16,"FBF2","29","A",2,70,"Jeremiah","",35,33,40,17,18,22,27,25,2,"12:00 PM","FBF","Isabeau"
"Purple stigma grass",2021-07-16,"FBF2","29","B",1,39,"Jeremiah","",36,33,40,17,18,22,27,25,2,"12:00 PM","FBF","Isabeau"
"Purple stigma grass",2021-07-16,"FBF2","29","B",2,37,"Jeremiah","",36,33,40,17,18,22,27,25,2,"12:00 PM","FBF","Isabeau"
"Purple stigma grass",2021-07-16,"FBF2","29","C",1,3,"Jeremiah","",38,33,40,17,18,22,27,25,2,"12:00 PM","FBF","Isabeau"
"Purple stigma grass",2021-07-16,"FBF2","29","C",2,1,"Jeremiah","",38,33,40,17,18,22,27,25,2,"12:00 PM","FBF","Isabeau"
"Purple stigma grass",2021-07-16,"FBF1","3","A",1,34,"Claire","",60.5,51,61,13,15,11,21,17,4,"10:00 AM","FBF","Claire"
"Purple stigma grass",2021-07-16,"FBF1","3","A",2,26,"Claire","",60.5,51,61,13,15,11,21,17,4,"10:00 AM","FBF","Claire"
"Purple stigma grass",2021-07-16,"FBF1","3","B",1,54,"Claire","",58,51,61,13,15,11,21,17,4,"10:00 AM","FBF","Claire"
"Purple stigma grass",2021-07-16,"FBF1","3","B",2,99,"Claire","",58,51,61,13,15,11,21,17,4,"10:00 AM","FBF","Claire"
"Purple stigma grass",2021-07-16,"FBF1","3","C",1,13,"Jeremiah","",56,51,61,13,15,11,21,17,4,"10:00 AM","FBF","Claire"
"Purple stigma grass",2021-07-16,"FBF1","3","C",2,16,"Jeremiah","",56,51,61,13,15,11,21,17,4,"10:00 AM","FBF","Claire"
"Purple stigma grass",2021-07-16,"FBF2","30","A",1,23,"Jeremiah","",32,30,36,12,25,24,45,46,3,"12:00 PM","FBF","Isabeau"
"Purple stigma grass",2021-07-16,"FBF2","30","A",2,16,"Jeremiah","",32,30,36,12,25,24,45,46,3,"12:00 PM","FBF","Isabeau"
"Purple stigma grass",2021-07-16,"FBF2","30","B",1,15,"Jeremiah","",33,30,36,12,25,24,45,46,3,"12:00 PM","FBF","Isabeau"
"Purple stigma grass",2021-07-16,"FBF2","30","B",2,18,"Jeremiah","",33,30,36,12,25,24,45,46,3,"12:00 PM","FBF","Isabeau"
"Purple stigma grass",2021-07-16,"FBF2","30","C",1,17,"Jeremiah","",36,30,36,12,25,24,45,46,3,"12:00 PM","FBF","Isabeau"
"Purple stigma grass",2021-07-16,"FBF2","30","C",2,2,"Jeremiah","",36,30,36,12,25,24,45,46,3,"12:00 PM","FBF","Isabeau"
"Purple stigma grass",2021-07-16,"FBF3","31","A",1,75,"Claire","",50,48,55,10,18,15,16,18,4,"1:00 PM","FBF","Claire"
"Purple stigma grass",2021-07-16,"FBF3","31","A",2,86,"Claire","",50,48,55,10,18,15,16,18,4,"1:00 PM","FBF","Claire"
"Purple stigma grass",2021-07-16,"FBF3","31","B",1,49,"Claire","",51.5,48,55,10,18,15,16,18,4,"1:00 PM","FBF","Claire"
"Purple stigma grass",2021-07-16,"FBF3","31","B",2,25,"Claire","",51.5,48,55,10,18,15,16,18,4,"1:00 PM","FBF","Claire"
"Purple stigma grass",2021-07-16,"FBF3","31","C",1,43,"Claire","",54.5,48,55,10,18,15,16,18,4,"1:00 PM","FBF","Claire"
"Purple stigma grass",2021-07-16,"FBF3","31","C",2,32,"Claire","",54.5,48,55,10,18,15,16,18,4,"1:00 PM","FBF","Claire"
"Purple stigma grass",2021-07-16,"FBF3","32","A",1,39,"Claire","",47,46,53,9,21,23,24,26,6,"1:00 PM","FBF","Claire"
"Purple stigma grass",2021-07-16,"FBF3","32","A",2,53,"Claire","",47,46,53,9,21,23,24,26,6,"1:00 PM","FBF","Claire"
"Purple stigma grass",2021-07-16,"FBF3","32","B",1,39,"Claire","",49,46,53,9,21,23,24,26,6,"1:00 PM","FBF","Claire"
"Purple stigma grass",2021-07-16,"FBF3","32","B",2,59,"Claire","",49,46,53,9,21,23,24,26,6,"1:00 PM","FBF","Claire"
"Purple stigma grass",2021-07-16,"FBF3","32","C",1,15,"Claire","",51.5,46,53,9,21,23,24,26,6,"1:00 PM","FBF","Claire"
"Purple stigma grass",2021-07-16,"FBF3","32","C",2,5,"Claire","",51.5,46,53,9,21,23,24,26,6,"1:00 PM","FBF","Claire"
"Purple stigma grass",2021-07-16,"FBF3","33","A",1,9,"Claire","",48,46,53,23,27,18,28,26,3,"1:00 PM","FBF","Claire"
"Purple stigma grass",2021-07-16,"FBF3","33","A",2,9,"Claire","",48,46,53,23,27,18,28,26,3,"1:00 PM","FBF","Claire"
"Purple stigma grass",2021-07-16,"FBF3","33","B",1,9,"Claire","",49,46,53,23,27,18,28,26,3,"1:00 PM","FBF","Claire"
"Purple stigma grass",2021-07-16,"FBF3","33","B",2,13,"Claire","",49,46,53,23,27,18,28,26,3,"1:00 PM","FBF","Claire"
"Purple stigma grass",2021-07-16,"FBF3","33","C",1,30,"Claire","",52.5,46,53,23,27,18,28,26,3,"1:00 PM","FBF","Claire"
"Purple stigma grass",2021-07-16,"FBF3","33","C",2,29,"Claire","",52.5,46,53,23,27,18,28,26,3,"1:00 PM","FBF","Claire"
"Purple stigma grass",2021-07-16,"FBF3","34","A",1,25,"Claire","",40,38,44.5,5,8,11,13,20,3,"1:00 PM","FBF","Claire"
"Purple stigma grass",2021-07-16,"FBF3","34","A",2,18,"Claire","",40,38,44.5,5,8,11,13,20,3,"1:00 PM","FBF","Claire"
"Purple stigma grass",2021-07-16,"FBF3","34","B",1,23,"Claire","",41,38,44.5,5,8,11,13,20,3,"1:00 PM","FBF","Claire"
"Purple stigma grass",2021-07-16,"FBF3","34","B",2,41,"Claire","",41,38,44.5,5,8,11,13,20,3,"1:00 PM","FBF","Claire"
"Purple stigma grass",2021-07-16,"FBF3","34","C",1,30,"Claire","",42.5,38,44.5,5,8,11,13,20,3,"1:00 PM","FBF","Claire"
"Purple stigma grass",2021-07-16,"FBF3","34","C",2,16,"Claire","",42.5,38,44.5,5,8,11,13,20,3,"1:00 PM","FBF","Claire"
"Purple stigma grass",2021-07-16,"FBF3","35","A",1,104,"Claire","",47,46,53,13,11,17,17,19,5,"1:00 PM","FBF","Claire"
"Purple stigma grass",2021-07-16,"FBF3","35","A",2,84,"Claire","",47,46,53,13,11,17,17,19,5,"1:00 PM","FBF","Claire"
"Purple stigma grass",2021-07-16,"FBF3","35","B",1,29,"Claire","",49,46,53,13,11,17,17,19,5,"1:00 PM","FBF","Claire"
"Purple stigma grass",2021-07-16,"FBF3","35","B",2,38,"Claire","",49,46,53,13,11,17,17,19,5,"1:00 PM","FBF","Claire"
"Purple stigma grass",2021-07-16,"FBF3","35","C",1,60,"Claire","",52.5,46,53,13,11,17,17,19,5,"1:00 PM","FBF","Claire"
"Purple stigma grass",2021-07-16,"FBF3","35","C",2,81,"Claire","",52.5,46,53,13,11,17,17,19,5,"1:00 PM","FBF","Claire"
"Purple stigma grass",2021-07-16,"FBF3","36","B",1,28,"Claire","",38.5,35.5,42,14,18,19,29,26,4,"1:00 PM","FBF","Claire"
"Purple stigma grass",2021-07-16,"FBF3","36","B",2,50,"Claire","",38.5,35.5,42,14,18,19,29,26,4,"1:00 PM","FBF","Claire"
"Purple stigma grass",2021-07-16,"FBF3","36","C",1,22,"Claire","",40,35.5,42,14,18,19,29,26,4,"1:00 PM","FBF","Claire"
"Purple stigma grass",2021-07-16,"FBF3","36","C",2,28,"Claire","",40,35.5,42,14,18,19,29,26,4,"1:00 PM","FBF","Claire"
"Purple stigma grass",2021-07-16,"FBF3","37","A",1,68,"Claire","",48.5,47,53.5,4,17,13,20,17,9,"1:00 PM","FBF","Claire"
"Purple stigma grass",2021-07-16,"FBF3","37","A",2,45,"Claire","",48.5,47,53.5,4,17,13,20,17,9,"1:00 PM","FBF","Claire"
"Purple stigma grass",2021-07-16,"FBF3","37","B",1,16,"Claire","",50,47,53.5,4,17,13,20,17,9,"1:00 PM","FBF","Claire"
"Purple stigma grass",2021-07-16,"FBF3","37","C",1,5,"Claire","",52.5,47,53.5,4,17,13,20,17,9,"1:00 PM","FBF","Claire"
"Purple stigma grass",2021-07-16,"FBF3","37","C",2,12,"Claire","",52.5,47,53.5,4,17,13,20,17,9,"1:00 PM","FBF","Claire"
"Purple stigma grass",2021-07-16,"FBF3","38","A",1,48,"Claire","",44,42,49,15,14,14,13,15,5,"1:00 PM","FBF","Claire"
"Purple stigma grass",2021-07-16,"FBF3","38","A",2,78,"Claire","",44,42,49,15,14,14,13,15,5,"1:00 PM","FBF","Claire"
"Purple stigma grass",2021-07-16,"FBF3","38","B",1,16,"Claire","",45,42,49,15,14,14,13,15,5,"1:00 PM","FBF","Claire"
"Purple stigma grass",2021-07-16,"FBF3","38","B",2,3,"Claire","",45,42,49,15,14,14,13,15,5,"1:00 PM","FBF","Claire"
"Purple stigma grass",2021-07-16,"FBF3","38","C",1,2,"Claire","",47.5,42,49,15,14,14,13,15,5,"1:00 PM","FBF","Claire"
"Purple stigma grass",2021-07-16,"FBF3","39","A",1,32,"Claire","",48,46,55,11,15,30,27,26,4,"1:00 PM","FBF","Claire"
"Purple stigma grass",2021-07-16,"FBF3","39","A",2,40,"Claire","",48,46,55,11,15,30,27,26,4,"1:00 PM","FBF","Claire"
"Purple stigma grass",2021-07-16,"FBF3","39","B",1,16,"Claire","",50.5,46,55,11,15,30,27,26,4,"1:00 PM","FBF","Claire"
"Purple stigma grass",2021-07-16,"FBF3","39","B",2,65,"Claire","",50.5,46,55,11,15,30,27,26,4,"1:00 PM","FBF","Claire"
"Purple stigma grass",2021-07-16,"FBF3","39","C",1,16,"Claire","",54,46,55,11,15,30,27,26,4,"1:00 PM","FBF","Claire"
"Purple stigma grass",2021-07-16,"FBF3","39","C",2,28,"Claire","",54,46,55,11,15,30,27,26,4,"1:00 PM","FBF","Claire"
"Purple stigma grass",2021-07-16,"FBF1","4","A",1,24,"Claire","",54,53.5,61,5,8,21,11,19,2,"10:00 AM","FBF","Claire"
"Purple stigma grass",2021-07-16,"FBF1","4","A",2,18,"Claire","",54,53.5,61,5,8,21,11,19,2,"10:00 AM","FBF","Claire"
"Purple stigma grass",2021-07-16,"FBF1","4","B",1,78,"Claire","Just 1 stigma!",57,53.5,61,5,8,21,11,19,2,"10:00 AM","FBF","Claire"
"Purple stigma grass",2021-07-16,"FBF1","4","B",1,26,"Claire","",57,53.5,61,5,8,21,11,19,2,"10:00 AM","FBF","Claire"
"Purple stigma grass",2021-07-16,"FBF1","4","B",2,21,"Claire","",57,53.5,61,5,8,21,11,19,2,"10:00 AM","FBF","Claire"
"Purple stigma grass",2021-07-16,"FBF1","4","C",1,27,"Claire","",60.5,53.5,61,5,8,21,11,19,2,"10:00 AM","FBF","Claire"
"Purple stigma grass",2021-07-16,"FBF1","4","C",2,22,"Claire","",60.5,53.5,61,5,8,21,11,19,2,"10:00 AM","FBF","Claire"
"Purple stigma grass",2021-07-16,"FBF3","40","A",1,13,"Claire","",33,32,38,12,16,3,13,18,7,"1:00 PM","FBF","Claire"
"Purple stigma grass",2021-07-16,"FBF3","40","A",2,11,"Claire","",33,32,38,12,16,3,13,18,7,"1:00 PM","FBF","Claire"
"Purple stigma grass",2021-07-16,"FBF3","40","B",1,21,"Claire","",35,32,38,12,16,3,13,18,7,"1:00 PM","FBF","Claire"
"Purple stigma grass",2021-07-16,"FBF3","40","B",2,16,"Claire","",35,32,38,12,16,3,13,18,7,"1:00 PM","FBF","Claire"
"Purple stigma grass",2021-07-16,"FBF3","40","C",1,16,"Claire","",37.5,32,38,12,16,3,13,18,7,"1:00 PM","FBF","Claire"
"Purple stigma grass",2021-07-16,"FBF3","40","C",2,19,"Claire","",37.5,32,38,12,16,3,13,18,7,"1:00 PM","FBF","Claire"
"Purple stigma grass",2021-07-16,"FBF3","41","A",1,91,"Claire","",37.5,37,43,4,20,20,24,35,4,"1:00 PM","FBF","Claire"
"Purple stigma grass",2021-07-16,"FBF3","41","A",2,37,"Claire","",37.5,37,43,4,20,20,24,35,4,"1:00 PM","FBF","Claire"
"Purple stigma grass",2021-07-16,"FBF3","41","B",1,27,"Claire","",41,37,43,4,20,20,24,35,4,"1:00 PM","FBF","Claire"
"Purple stigma grass",2021-07-16,"FBF3","41","B",2,15,"Claire","",41,37,43,4,20,20,24,35,4,"1:00 PM","FBF","Claire"
"Purple stigma grass",2021-07-16,"FBF3","41","C",1,48,"Claire","",42.5,37,43,4,20,20,24,35,4,"1:00 PM","FBF","Claire"
"Purple stigma grass",2021-07-16,"FBF3","41","C",2,40,"Claire","",42.5,37,43,4,20,20,24,35,4,"1:00 PM","FBF","Claire"
"Purple stigma grass",2021-07-16,"FBF3","42","A",1,62,"Claire","",49.5,48,56,4,9,16,23,24,5,"1:00 PM","FBF","Claire"
"Purple stigma grass",2021-07-16,"FBF3","42","B",1,50,"Claire","",52,48,56,4,9,16,23,24,5,"1:00 PM","FBF","Claire"
"Purple stigma grass",2021-07-16,"FBF3","42","B",2,83,"Claire","",52,48,56,4,9,16,23,24,5,"1:00 PM","FBF","Claire"
"Purple stigma grass",2021-07-16,"FBF3","42","C",1,35,"Claire","",55.5,48,56,4,9,16,23,24,5,"1:00 PM","FBF","Claire"
"Purple stigma grass",2021-07-16,"FBF3","42","C",2,16,"Claire","",55.5,48,56,4,9,16,23,24,5,"1:00 PM","FBF","Claire"
"Purple stigma grass",2021-07-16,"FBF3","43","A",1,35,"Claire","",57.5,57,64,26,23,23,20,8,4,"1:00 PM","FBF","Claire"
"Purple stigma grass",2021-07-16,"FBF3","43","A",2,18,"Claire","",57.5,57,64,26,23,23,20,8,4,"1:00 PM","FBF","Claire"
"Purple stigma grass",2021-07-16,"FBF3","43","B",1,17,"Claire","",59,57,64,26,23,23,20,8,4,"1:00 PM","FBF","Claire"
"Purple stigma grass",2021-07-16,"FBF3","43","B",2,22,"Claire","",59,57,64,26,23,23,20,8,4,"1:00 PM","FBF","Claire"
"Purple stigma grass",2021-07-16,"FBF3","43","C",1,17,"Claire","",62,57,64,26,23,23,20,8,4,"1:00 PM","FBF","Claire"
"Purple stigma grass",2021-07-16,"FBF3","43","C",2,7,"Claire","",62,57,64,26,23,23,20,8,4,"1:00 PM","FBF","Claire"
"Purple stigma grass",2021-07-16,"FBF3","44","A",1,11,"Claire","",41,40,46.5,13,20,19,16,19,1,"1:00 PM","FBF","Claire"
"Purple stigma grass",2021-07-16,"FBF3","44","A",2,22,"Claire","",41,40,46.5,13,20,19,16,19,1,"1:00 PM","FBF","Claire"
"Purple stigma grass",2021-07-16,"FBF3","44","B",1,12,"Claire","",43.5,40,46.5,13,20,19,16,19,1,"1:00 PM","FBF","Claire"
"Purple stigma grass",2021-07-16,"FBF3","44","B",2,11,"Claire","",43.5,40,46.5,13,20,19,16,19,1,"1:00 PM","FBF","Claire"
"Purple stigma grass",2021-07-16,"FBF3","44","C",1,16,"Claire","",46,40,46.5,13,20,19,16,19,1,"1:00 PM","FBF","Claire"
"Purple stigma grass",2021-07-16,"FBF3","44","C",2,9,"Claire","",46,40,46.5,13,20,19,16,19,1,"1:00 PM","FBF","Claire"
"Purple stigma grass",2021-07-16,"FBF3","45","A",1,23,"Claire","",26.5,24.5,30,21,8,15,20,24,1,"1:00 PM","FBF","Claire"
"Purple stigma grass",2021-07-16,"FBF3","45","A",2,25,"Claire","",26.5,24.5,30,21,8,15,20,24,1,"1:00 PM","FBF","Claire"
"Purple stigma grass",2021-07-16,"FBF3","45","B",1,28,"Claire","",27,24.5,30,21,8,15,20,24,1,"1:00 PM","FBF","Claire"
"Purple stigma grass",2021-07-16,"FBF3","45","B",2,6,"Claire","",27,24.5,30,21,8,15,20,24,1,"1:00 PM","FBF","Claire"
"Purple stigma grass",2021-07-16,"FBF3","45","C",1,15,"Claire","",29,24.5,30,21,8,15,20,24,1,"1:00 PM","FBF","Claire"
"Purple stigma grass",2021-07-16,"FBF3","45","C",2,21,"Claire","",29,24.5,30,21,8,15,20,24,1,"1:00 PM","FBF","Claire"
"Purple stigma grass",2021-07-16,"FBF1","5","A",1,76,"Claire","",38,36,42,12,14,7,10,11,6,"10:00 AM","FBF","Claire"
"Purple stigma grass",2021-07-16,"FBF1","5","B",1,16,"Claire","",39,36,42,12,14,7,10,11,6,"10:00 AM","FBF","Claire"
"Purple stigma grass",2021-07-16,"FBF1","5","B",2,25,"Claire","",39,36,42,12,14,7,10,11,6,"10:00 AM","FBF","Claire"
"Purple stigma grass",2021-07-16,"FBF1","5","C",1,28,"Claire","",41,36,42,12,14,7,10,11,6,"10:00 AM","FBF","Claire"
"Purple stigma grass",2021-07-16,"FBF1","5","C",2,28,"Claire","",41,36,42,12,14,7,10,11,6,"10:00 AM","FBF","Claire"
"Purple stigma grass",2021-07-16,"FBF1","6","A",1,33,"Claire","",26,22,28,8,8,11,12,13,2,"10:00 AM","FBF","Claire"
"Purple stigma grass",2021-07-16,"FBF1","6","A",2,25,"Claire","",26,22,28,8,8,11,12,13,2,"10:00 AM","FBF","Claire"
"Purple stigma grass",2021-07-16,"FBF1","6","B",1,70,"Claire","",26,22,28,8,8,11,12,13,2,"10:00 AM","FBF","Claire"
"Purple stigma grass",2021-07-16,"FBF1","6","B",2,25,"Claire","",26,22,28,8,8,11,12,13,2,"10:00 AM","FBF","Claire"
"Purple stigma grass",2021-07-16,"FBF1","6","C",1,15,"Claire","",27,22,28,8,8,11,12,13,2,"10:00 AM","FBF","Claire"
"Purple stigma grass",2021-07-16,"FBF1","6","C",2,9,"Claire","",27,22,28,8,8,11,12,13,2,"10:00 AM","FBF","Claire"
"Purple stigma grass",2021-07-16,"FBF1","7","A",1,9,"Claire","",42,41,46,9,12,16,10,15,4,"10:00 AM","FBF","Claire"
"Purple stigma grass",2021-07-16,"FBF1","7","A",2,2,"Claire","",42,41,46,9,12,16,10,15,4,"10:00 AM","FBF","Claire"
"Purple stigma grass",2021-07-16,"FBF1","7","B",1,18,"Claire","",44,41,46,9,12,16,10,15,4,"10:00 AM","FBF","Claire"
"Purple stigma grass",2021-07-16,"FBF1","7","B",2,20,"Claire","",44,41,46,9,12,16,10,15,4,"10:00 AM","FBF","Claire"
"Purple stigma grass",2021-07-16,"FBF1","7","C",1,5,"Claire","",46,41,46,9,12,16,10,15,4,"10:00 AM","FBF","Claire"
"Purple stigma grass",2021-07-16,"FBF1","7","C",2,7,"Claire","",46,41,46,9,12,16,10,15,4,"10:00 AM","FBF","Claire"
"Purple stigma grass",2021-07-16,"FBF1","8","A",1,17,"Claire","",37,36,42,4,8,6,10,15,1,"10:00 AM","FBF","Claire"
"Purple stigma grass",2021-07-16,"FBF1","8","A",2,55,"Claire","",37,36,42,4,8,6,10,15,1,"10:00 AM","FBF","Claire"
"Purple stigma grass",2021-07-16,"FBF1","8","B",1,53,"Jeremiah","",39,36,42,4,8,6,10,15,1,"10:00 AM","FBF","Claire"
"Purple stigma grass",2021-07-16,"FBF1","8","B",2,33,"Jeremiah","",39,36,42,4,8,6,10,15,1,"10:00 AM","FBF","Claire"
"Purple stigma grass",2021-07-16,"FBF1","8","C",1,22,"Claire","",41.5,36,42,4,8,6,10,15,1,"10:00 AM","FBF","Claire"
"Purple stigma grass",2021-07-16,"FBF1","8","C",2,2,"Claire","",41.5,36,42,4,8,6,10,15,1,"10:00 AM","FBF","Claire"
"Purple stigma grass",2021-07-16,"FBF1","9","A",1,40,"Claire","",52,51,66.5,13,14,14,14,17,2,"10:00 AM","FBF","Claire"
"Purple stigma grass",2021-07-16,"FBF1","9","A",2,22,"Claire","",52,51,66.5,13,14,14,14,17,2,"10:00 AM","FBF","Claire"
"Purple stigma grass",2021-07-16,"FBF1","9","C",1,6,"Claire","",53.5,51,66.5,13,14,14,14,17,2,"10:00 AM","FBF","Claire"
"Purple stigma grass",2021-07-16,"FBF3","XX","B",1,97,"Claire","",NA,NA,NA,NA,NA,NA,NA,NA,NA,NA,NA,NA
"Purple stigma grass",2021-07-16,"FBF3","XX","B",2,68,"Claire","",NA,NA,NA,NA,NA,NA,NA,NA,NA,NA,NA,NA
