"Species","Date","Site","Plant","Flower","Stigma","Pollen","Observer","Notes","PlantN","Flowering_stage","Height","D1","D2","D3","D4","D5"
"Thalictrum dioicum",2021-05-06,"CT","N1","1","1",1,"Claire","","1",4,32.385,119.38,266.7,215.9,119.38,180.34
"Thalictrum dioicum",2021-05-06,"CT","N1","1","2",0,"Claire","","1",4,32.385,119.38,266.7,215.9,119.38,180.34
"Thalictrum dioicum",2021-05-06,"CT","N1","1","3",0,"Claire","","1",4,32.385,119.38,266.7,215.9,119.38,180.34
"Thalictrum dioicum",2021-05-06,"CT","N1","1","4",0,"Claire","","1",4,32.385,119.38,266.7,215.9,119.38,180.34
"Thalictrum dioicum",2021-05-06,"CT","N1","1","5",0,"Claire","","1",4,32.385,119.38,266.7,215.9,119.38,180.34
"Thalictrum dioicum",2021-05-06,"CT","N1","1","6",0,"Claire","","1",4,32.385,119.38,266.7,215.9,119.38,180.34
"Thalictrum dioicum",2021-05-06,"CT","N1","1","7",1,"Claire","","1",4,32.385,119.38,266.7,215.9,119.38,180.34
"Thalictrum dioicum",2021-05-06,"CT","N1","1","8",0,"Claire","","1",4,32.385,119.38,266.7,215.9,119.38,180.34
"Thalictrum dioicum",2021-05-06,"CT","N1","2","1",1,"Jeremiah","","1",4,32.385,119.38,266.7,215.9,119.38,180.34
"Thalictrum dioicum",2021-05-06,"CT","N1","2","2",0,"Jeremiah","","1",4,32.385,119.38,266.7,215.9,119.38,180.34
"Thalictrum dioicum",2021-05-06,"CT","N1","2","3",0,"Jeremiah","","1",4,32.385,119.38,266.7,215.9,119.38,180.34
"Thalictrum dioicum",2021-05-06,"CT","N1","2","4",1,"Jeremiah","","1",4,32.385,119.38,266.7,215.9,119.38,180.34
"Thalictrum dioicum",2021-05-06,"CT","N1","2","5",0,"Jeremiah","","1",4,32.385,119.38,266.7,215.9,119.38,180.34
"Thalictrum dioicum",2021-05-06,"CT","N1","2","6",1,"Jeremiah","","1",4,32.385,119.38,266.7,215.9,119.38,180.34
"Thalictrum dioicum",2021-05-06,"CT","N1","2","7",0,"Jeremiah","","1",4,32.385,119.38,266.7,215.9,119.38,180.34
"Thalictrum dioicum",2021-05-06,"CT","N1","2","8",0,"Jeremiah","","1",4,32.385,119.38,266.7,215.9,119.38,180.34
"Thalictrum dioicum",2021-05-06,"CT","N10","1","1",1,"Jeremiah","","10",4,34.29,5.08,48.26,27.94,142.24,101.6
"Thalictrum dioicum",2021-05-06,"CT","N10","1","2",4,"Jeremiah","","10",4,34.29,5.08,48.26,27.94,142.24,101.6
"Thalictrum dioicum",2021-05-06,"CT","N10","1","3",3,"Jeremiah","","10",4,34.29,5.08,48.26,27.94,142.24,101.6
"Thalictrum dioicum",2021-05-06,"CT","N10","1","4",2,"Jeremiah","","10",4,34.29,5.08,48.26,27.94,142.24,101.6
"Thalictrum dioicum",2021-05-06,"CT","N10","1","5",4,"Jeremiah","","10",4,34.29,5.08,48.26,27.94,142.24,101.6
"Thalictrum dioicum",2021-05-06,"CT","N10","1","6",2,"Jeremiah","","10",4,34.29,5.08,48.26,27.94,142.24,101.6
"Thalictrum dioicum",2021-05-06,"CT","N10","1","7",2,"Jeremiah","","10",4,34.29,5.08,48.26,27.94,142.24,101.6
"Thalictrum dioicum",2021-05-06,"CT","N10","1","8",2,"Jeremiah","","10",4,34.29,5.08,48.26,27.94,142.24,101.6
"Thalictrum dioicum",2021-05-06,"CT","N10","1","9",3,"Jeremiah","","10",4,34.29,5.08,48.26,27.94,142.24,101.6
"Thalictrum dioicum",2021-05-06,"CT","N10","2","1",2,"Jeremiah","","10",4,34.29,5.08,48.26,27.94,142.24,101.6
"Thalictrum dioicum",2021-05-06,"CT","N10","2","2",2,"Jeremiah","","10",4,34.29,5.08,48.26,27.94,142.24,101.6
"Thalictrum dioicum",2021-05-06,"CT","N10","2","3",3,"Jeremiah","","10",4,34.29,5.08,48.26,27.94,142.24,101.6
"Thalictrum dioicum",2021-05-06,"CT","N10","2","4",1,"Jeremiah","","10",4,34.29,5.08,48.26,27.94,142.24,101.6
"Thalictrum dioicum",2021-05-06,"CT","N10","2","5",0,"Jeremiah","","10",4,34.29,5.08,48.26,27.94,142.24,101.6
"Thalictrum dioicum",2021-05-06,"CT","N10","2","6",2,"Jeremiah","","10",4,34.29,5.08,48.26,27.94,142.24,101.6
"Thalictrum dioicum",2021-05-06,"CT","N10","2","7",2,"Jeremiah","","10",4,34.29,5.08,48.26,27.94,142.24,101.6
"Thalictrum dioicum",2021-05-06,"CT","N10","2","8",1,"Jeremiah","","10",4,34.29,5.08,48.26,27.94,142.24,101.6
"Thalictrum dioicum",2021-05-06,"CT","N10","2","9",1,"Jeremiah","","10",4,34.29,5.08,48.26,27.94,142.24,101.6
"Thalictrum dioicum",2021-05-06,"CT","N11","1","1",1,"Claire","","11",4,15.875,106.68,53.34,121.92,152.4,165.1
"Thalictrum dioicum",2021-05-06,"CT","N11","1","2",3,"Claire","","11",4,15.875,106.68,53.34,121.92,152.4,165.1
"Thalictrum dioicum",2021-05-06,"CT","N11","1","3",2,"Claire","","11",4,15.875,106.68,53.34,121.92,152.4,165.1
"Thalictrum dioicum",2021-05-06,"CT","N11","1","4",3,"Claire","","11",4,15.875,106.68,53.34,121.92,152.4,165.1
"Thalictrum dioicum",2021-05-06,"CT","N11","1","5",1,"Claire","","11",4,15.875,106.68,53.34,121.92,152.4,165.1
"Thalictrum dioicum",2021-05-06,"CT","N11","1","1",0,"Jeremiah","","11",4,15.875,106.68,53.34,121.92,152.4,165.1
"Thalictrum dioicum",2021-05-06,"CT","N11","1","2",0,"Jeremiah","","11",4,15.875,106.68,53.34,121.92,152.4,165.1
"Thalictrum dioicum",2021-05-06,"CT","N11","1","3",0,"Jeremiah","","11",4,15.875,106.68,53.34,121.92,152.4,165.1
"Thalictrum dioicum",2021-05-06,"CT","N11","1","4",0,"Jeremiah","","11",4,15.875,106.68,53.34,121.92,152.4,165.1
"Thalictrum dioicum",2021-05-06,"CT","N11","1","5",0,"Jeremiah","","11",4,15.875,106.68,53.34,121.92,152.4,165.1
"Thalictrum dioicum",2021-05-06,"CT","N11","1","6",0,"Jeremiah","","11",4,15.875,106.68,53.34,121.92,152.4,165.1
"Thalictrum dioicum",2021-05-06,"CT","N11","2","1",0,"Jeremiah","","11",4,15.875,106.68,53.34,121.92,152.4,165.1
"Thalictrum dioicum",2021-05-06,"CT","N11","2","2",0,"Jeremiah","","11",4,15.875,106.68,53.34,121.92,152.4,165.1
"Thalictrum dioicum",2021-05-06,"CT","N11","2","3",0,"Jeremiah","","11",4,15.875,106.68,53.34,121.92,152.4,165.1
"Thalictrum dioicum",2021-05-06,"CT","N11","2","4",0,"Jeremiah","","11",4,15.875,106.68,53.34,121.92,152.4,165.1
"Thalictrum dioicum",2021-05-06,"CT","N11","2","5",0,"Jeremiah","","11",4,15.875,106.68,53.34,121.92,152.4,165.1
"Thalictrum dioicum",2021-05-06,"CT","N11","3","1",0,"Jeremiah","","11",4,15.875,106.68,53.34,121.92,152.4,165.1
"Thalictrum dioicum",2021-05-06,"CT","N11","3","2",0,"Jeremiah","","11",4,15.875,106.68,53.34,121.92,152.4,165.1
"Thalictrum dioicum",2021-05-06,"CT","N11","3","3",0,"Jeremiah","","11",4,15.875,106.68,53.34,121.92,152.4,165.1
"Thalictrum dioicum",2021-05-06,"CT","N11","3","4",0,"Jeremiah","","11",4,15.875,106.68,53.34,121.92,152.4,165.1
"Thalictrum dioicum",2021-05-06,"CT","N11","3","5",0,"Jeremiah","","11",4,15.875,106.68,53.34,121.92,152.4,165.1
"Thalictrum dioicum",2021-05-06,"CT","N12","1","1",1,"Jeremiah","","12",3,36.83,111.76,162.56,256.54,307.34,342.9
"Thalictrum dioicum",2021-05-06,"CT","N12","1","2",0,"Jeremiah","","12",3,36.83,111.76,162.56,256.54,307.34,342.9
"Thalictrum dioicum",2021-05-06,"CT","N12","1","3",0,"Jeremiah","","12",3,36.83,111.76,162.56,256.54,307.34,342.9
"Thalictrum dioicum",2021-05-06,"CT","N12","1","4",0,"Jeremiah","","12",3,36.83,111.76,162.56,256.54,307.34,342.9
"Thalictrum dioicum",2021-05-06,"CT","N12","1","5",0,"Jeremiah","","12",3,36.83,111.76,162.56,256.54,307.34,342.9
"Thalictrum dioicum",2021-05-06,"CT","N12","1","6",0,"Jeremiah","","12",3,36.83,111.76,162.56,256.54,307.34,342.9
"Thalictrum dioicum",2021-05-06,"CT","N12","1","7",1,"Jeremiah","","12",3,36.83,111.76,162.56,256.54,307.34,342.9
"Thalictrum dioicum",2021-05-06,"CT","N12","2","1",0,"Jeremiah","","12",3,36.83,111.76,162.56,256.54,307.34,342.9
"Thalictrum dioicum",2021-05-06,"CT","N12","2","2",0,"Jeremiah","","12",3,36.83,111.76,162.56,256.54,307.34,342.9
"Thalictrum dioicum",2021-05-06,"CT","N12","2","3",0,"Jeremiah","","12",3,36.83,111.76,162.56,256.54,307.34,342.9
"Thalictrum dioicum",2021-05-06,"CT","N12","2","4",0,"Jeremiah","","12",3,36.83,111.76,162.56,256.54,307.34,342.9
"Thalictrum dioicum",2021-05-06,"CT","N12","2","5",0,"Jeremiah","","12",3,36.83,111.76,162.56,256.54,307.34,342.9
"Thalictrum dioicum",2021-05-06,"CT","N12","2","6",1,"Jeremiah","","12",3,36.83,111.76,162.56,256.54,307.34,342.9
"Thalictrum dioicum",2021-05-06,"CT","N12","2","7",0,"Jeremiah","","12",3,36.83,111.76,162.56,256.54,307.34,342.9
"Thalictrum dioicum",2021-05-06,"CT","N12","2","8",1,"Jeremiah","","12",3,36.83,111.76,162.56,256.54,307.34,342.9
"Thalictrum dioicum",2021-05-06,"CT","N13","1","1",0,"Jeremiah","","13",2,44.45,45.72,129.54,213.36,241.3,185.42
"Thalictrum dioicum",2021-05-06,"CT","N13","1","2",0,"Jeremiah","","13",2,44.45,45.72,129.54,213.36,241.3,185.42
"Thalictrum dioicum",2021-05-06,"CT","N13","1","3",0,"Jeremiah","","13",2,44.45,45.72,129.54,213.36,241.3,185.42
"Thalictrum dioicum",2021-05-06,"CT","N13","1","4",0,"Jeremiah","","13",2,44.45,45.72,129.54,213.36,241.3,185.42
"Thalictrum dioicum",2021-05-06,"CT","N13","1","5",0,"Jeremiah","","13",2,44.45,45.72,129.54,213.36,241.3,185.42
"Thalictrum dioicum",2021-05-06,"CT","N13","1","6",1,"Jeremiah","","13",2,44.45,45.72,129.54,213.36,241.3,185.42
"Thalictrum dioicum",2021-05-06,"CT","N13","1","7",0,"Jeremiah","","13",2,44.45,45.72,129.54,213.36,241.3,185.42
"Thalictrum dioicum",2021-05-06,"CT","N13","1","8",5,"Jeremiah","","13",2,44.45,45.72,129.54,213.36,241.3,185.42
"Thalictrum dioicum",2021-05-06,"CT","N13","2","1",0,"Jeremiah","","13",2,44.45,45.72,129.54,213.36,241.3,185.42
"Thalictrum dioicum",2021-05-06,"CT","N13","2","2",0,"Jeremiah","","13",2,44.45,45.72,129.54,213.36,241.3,185.42
"Thalictrum dioicum",2021-05-06,"CT","N13","2","3",0,"Jeremiah","","13",2,44.45,45.72,129.54,213.36,241.3,185.42
"Thalictrum dioicum",2021-05-06,"CT","N13","2","4",0,"Jeremiah","","13",2,44.45,45.72,129.54,213.36,241.3,185.42
"Thalictrum dioicum",2021-05-06,"CT","N13","2","5",0,"Jeremiah","","13",2,44.45,45.72,129.54,213.36,241.3,185.42
"Thalictrum dioicum",2021-05-06,"CT","N13","2","6",2,"Jeremiah","","13",2,44.45,45.72,129.54,213.36,241.3,185.42
"Thalictrum dioicum",2021-05-06,"CT","N14","1","1",2,"Jeremiah","","14",2,35.56,116.84,111.76,142.24,198.12,182.88
"Thalictrum dioicum",2021-05-06,"CT","N14","1","2",0,"Jeremiah","","14",2,35.56,116.84,111.76,142.24,198.12,182.88
"Thalictrum dioicum",2021-05-06,"CT","N14","1","3",0,"Jeremiah","","14",2,35.56,116.84,111.76,142.24,198.12,182.88
"Thalictrum dioicum",2021-05-06,"CT","N14","1","4",0,"Jeremiah","","14",2,35.56,116.84,111.76,142.24,198.12,182.88
"Thalictrum dioicum",2021-05-06,"CT","N14","1","5",0,"Jeremiah","","14",2,35.56,116.84,111.76,142.24,198.12,182.88
"Thalictrum dioicum",2021-05-06,"CT","N14","1","6",1,"Jeremiah","","14",2,35.56,116.84,111.76,142.24,198.12,182.88
"Thalictrum dioicum",2021-05-06,"CT","N14","1","7",1,"Jeremiah","","14",2,35.56,116.84,111.76,142.24,198.12,182.88
"Thalictrum dioicum",2021-05-06,"CT","N14","1","8",1,"Jeremiah","","14",2,35.56,116.84,111.76,142.24,198.12,182.88
"Thalictrum dioicum",2021-05-06,"CT","N14","2","1",0,"Jeremiah","","14",2,35.56,116.84,111.76,142.24,198.12,182.88
"Thalictrum dioicum",2021-05-06,"CT","N14","2","2",2,"Jeremiah","","14",2,35.56,116.84,111.76,142.24,198.12,182.88
"Thalictrum dioicum",2021-05-06,"CT","N14","2","3",3,"Jeremiah","","14",2,35.56,116.84,111.76,142.24,198.12,182.88
"Thalictrum dioicum",2021-05-06,"CT","N14","2","4",2,"Jeremiah","","14",2,35.56,116.84,111.76,142.24,198.12,182.88
"Thalictrum dioicum",2021-05-06,"CT","N14","2","5",3,"Jeremiah","","14",2,35.56,116.84,111.76,142.24,198.12,182.88
"Thalictrum dioicum",2021-05-06,"CT","N14","2","6",3,"Jeremiah","","14",2,35.56,116.84,111.76,142.24,198.12,182.88
"Thalictrum dioicum",2021-05-06,"CT","N14","2","7",4,"Jeremiah","","14",2,35.56,116.84,111.76,142.24,198.12,182.88
"Thalictrum dioicum",2021-05-06,"CT","N14","2","8",2,"Jeremiah","","14",2,35.56,116.84,111.76,142.24,198.12,182.88
"Thalictrum dioicum",2021-05-06,"CT","N15","1","1",2,"Jeremiah","","15",4,51.435,261.62,337.82,231.14,317.5,411.48
"Thalictrum dioicum",2021-05-06,"CT","N15","1","2",2,"Jeremiah","","15",4,51.435,261.62,337.82,231.14,317.5,411.48
"Thalictrum dioicum",2021-05-06,"CT","N15","1","3",0,"Jeremiah","","15",4,51.435,261.62,337.82,231.14,317.5,411.48
"Thalictrum dioicum",2021-05-06,"CT","N15","1","4",1,"Jeremiah","","15",4,51.435,261.62,337.82,231.14,317.5,411.48
"Thalictrum dioicum",2021-05-06,"CT","N15","1","5",2,"Jeremiah","","15",4,51.435,261.62,337.82,231.14,317.5,411.48
"Thalictrum dioicum",2021-05-06,"CT","N15","2","1",4,"Jeremiah","","15",4,51.435,261.62,337.82,231.14,317.5,411.48
"Thalictrum dioicum",2021-05-06,"CT","N15","2","2",10,"Jeremiah","","15",4,51.435,261.62,337.82,231.14,317.5,411.48
"Thalictrum dioicum",2021-05-06,"CT","N15","2","3",1,"Jeremiah","","15",4,51.435,261.62,337.82,231.14,317.5,411.48
"Thalictrum dioicum",2021-05-06,"CT","N15","2","4",2,"Jeremiah","","15",4,51.435,261.62,337.82,231.14,317.5,411.48
"Thalictrum dioicum",2021-05-06,"CT","N15","2","5",2,"Jeremiah","","15",4,51.435,261.62,337.82,231.14,317.5,411.48
"Thalictrum dioicum",2021-05-06,"CT","N2","1","1",1,"Jeremiah","","2",4,48.895,68.58,106.68,93.98,149.86,144.78
"Thalictrum dioicum",2021-05-06,"CT","N2","1","2",0,"Jeremiah","","2",4,48.895,68.58,106.68,93.98,149.86,144.78
"Thalictrum dioicum",2021-05-06,"CT","N2","1","3",4,"Jeremiah","","2",4,48.895,68.58,106.68,93.98,149.86,144.78
"Thalictrum dioicum",2021-05-06,"CT","N2","1","4",2,"Jeremiah","","2",4,48.895,68.58,106.68,93.98,149.86,144.78
"Thalictrum dioicum",2021-05-06,"CT","N2","1","5",0,"Jeremiah","","2",4,48.895,68.58,106.68,93.98,149.86,144.78
"Thalictrum dioicum",2021-05-06,"CT","N2","1","6",2,"Jeremiah","","2",4,48.895,68.58,106.68,93.98,149.86,144.78
"Thalictrum dioicum",2021-05-06,"CT","N2","1","7",0,"Jeremiah","","2",4,48.895,68.58,106.68,93.98,149.86,144.78
"Thalictrum dioicum",2021-05-06,"CT","N2","1","8",0,"Jeremiah","","2",4,48.895,68.58,106.68,93.98,149.86,144.78
"Thalictrum dioicum",2021-05-06,"CT","N2","1","9",1,"Jeremiah","","2",4,48.895,68.58,106.68,93.98,149.86,144.78
"Thalictrum dioicum",2021-05-06,"CT","N2","1","10",0,"Jeremiah","","2",4,48.895,68.58,106.68,93.98,149.86,144.78
"Thalictrum dioicum",2021-05-06,"CT","N2","1","11",0,"Jeremiah","","2",4,48.895,68.58,106.68,93.98,149.86,144.78
"Thalictrum dioicum",2021-05-06,"CT","N2","2","1",0,"Jeremiah","","2",4,48.895,68.58,106.68,93.98,149.86,144.78
"Thalictrum dioicum",2021-05-06,"CT","N2","2","2",0,"Jeremiah","","2",4,48.895,68.58,106.68,93.98,149.86,144.78
"Thalictrum dioicum",2021-05-06,"CT","N2","2","3",0,"Jeremiah","","2",4,48.895,68.58,106.68,93.98,149.86,144.78
"Thalictrum dioicum",2021-05-06,"CT","N2","2","4",1,"Jeremiah","","2",4,48.895,68.58,106.68,93.98,149.86,144.78
"Thalictrum dioicum",2021-05-06,"CT","N2","2","5",1,"Jeremiah","These stigmas seemed stubby/underdeveloped? They were about half the average length I've seen and had very short cilia-like protrusions along their length, relative to the others samples.","2",4,48.895,68.58,106.68,93.98,149.86,144.78
"Thalictrum dioicum",2021-05-06,"CT","N2","2","6",0,"Jeremiah","","2",4,48.895,68.58,106.68,93.98,149.86,144.78
"Thalictrum dioicum",2021-05-06,"CT","N2","2","7",0,"Jeremiah","","2",4,48.895,68.58,106.68,93.98,149.86,144.78
"Thalictrum dioicum",2021-05-06,"CT","N2","2","8",0,"Jeremiah","","2",4,48.895,68.58,106.68,93.98,149.86,144.78
"Thalictrum dioicum",2021-05-06,"CT","N2","2","9",1,"Jeremiah","","2",4,48.895,68.58,106.68,93.98,149.86,144.78
"Thalictrum dioicum",2021-05-06,"CT","N3","1","1",1,"Jeremiah","","3",4,55.245,25.4,48.26,172.72,172.72,160.02
"Thalictrum dioicum",2021-05-06,"CT","N3","1","2",3,"Jeremiah","","3",4,55.245,25.4,48.26,172.72,172.72,160.02
"Thalictrum dioicum",2021-05-06,"CT","N3","1","3",0,"Jeremiah","","3",4,55.245,25.4,48.26,172.72,172.72,160.02
"Thalictrum dioicum",2021-05-06,"CT","N3","1","4",0,"Jeremiah","","3",4,55.245,25.4,48.26,172.72,172.72,160.02
"Thalictrum dioicum",2021-05-06,"CT","N3","1","5",2,"Jeremiah","","3",4,55.245,25.4,48.26,172.72,172.72,160.02
"Thalictrum dioicum",2021-05-06,"CT","N3","1","6",1,"Jeremiah","","3",4,55.245,25.4,48.26,172.72,172.72,160.02
"Thalictrum dioicum",2021-05-06,"CT","N3","1","7",1,"Jeremiah","","3",4,55.245,25.4,48.26,172.72,172.72,160.02
"Thalictrum dioicum",2021-05-06,"CT","N3","1","8",1,"Jeremiah","","3",4,55.245,25.4,48.26,172.72,172.72,160.02
"Thalictrum dioicum",2021-05-06,"CT","N3","2","1",1,"Jeremiah","","3",4,55.245,25.4,48.26,172.72,172.72,160.02
"Thalictrum dioicum",2021-05-06,"CT","N3","2","2",0,"Jeremiah","","3",4,55.245,25.4,48.26,172.72,172.72,160.02
"Thalictrum dioicum",2021-05-06,"CT","N3","2","3",2,"Jeremiah","","3",4,55.245,25.4,48.26,172.72,172.72,160.02
"Thalictrum dioicum",2021-05-06,"CT","N3","2","4",2,"Jeremiah","","3",4,55.245,25.4,48.26,172.72,172.72,160.02
"Thalictrum dioicum",2021-05-06,"CT","N3","2","5",1,"Jeremiah","","3",4,55.245,25.4,48.26,172.72,172.72,160.02
"Thalictrum dioicum",2021-05-06,"CT","N3","2","6",2,"Jeremiah","","3",4,55.245,25.4,48.26,172.72,172.72,160.02
"Thalictrum dioicum",2021-05-06,"CT","N3","2","7",0,"Jeremiah","","3",4,55.245,25.4,48.26,172.72,172.72,160.02
"Thalictrum dioicum",2021-05-06,"CT","N3","2","8",1,"Jeremiah","","3",4,55.245,25.4,48.26,172.72,172.72,160.02
"Thalictrum dioicum",2021-05-06,"CT","N3","2","9",1,"Jeremiah","","3",4,55.245,25.4,48.26,172.72,172.72,160.02
"Thalictrum dioicum",2021-05-06,"CT","N4","1","1",1,"Jeremiah","","4",3,61.595,53.34,58.42,147.32,144.78,203.2
"Thalictrum dioicum",2021-05-06,"CT","N4","1","2",0,"Jeremiah","","4",3,61.595,53.34,58.42,147.32,144.78,203.2
"Thalictrum dioicum",2021-05-06,"CT","N4","1","3",2,"Jeremiah","","4",3,61.595,53.34,58.42,147.32,144.78,203.2
"Thalictrum dioicum",2021-05-06,"CT","N4","1","4",6,"Jeremiah","","4",3,61.595,53.34,58.42,147.32,144.78,203.2
"Thalictrum dioicum",2021-05-06,"CT","N4","1","5",4,"Jeremiah","","4",3,61.595,53.34,58.42,147.32,144.78,203.2
"Thalictrum dioicum",2021-05-06,"CT","N4","1","6",4,"Jeremiah","","4",3,61.595,53.34,58.42,147.32,144.78,203.2
"Thalictrum dioicum",2021-05-06,"CT","N4","1","7",2,"Jeremiah","","4",3,61.595,53.34,58.42,147.32,144.78,203.2
"Thalictrum dioicum",2021-05-06,"CT","N4","1","8",2,"Jeremiah","","4",3,61.595,53.34,58.42,147.32,144.78,203.2
"Thalictrum dioicum",2021-05-06,"CT","N4","1","9",2,"Jeremiah","","4",3,61.595,53.34,58.42,147.32,144.78,203.2
"Thalictrum dioicum",2021-05-06,"CT","N4","1","10",0,"Jeremiah","","4",3,61.595,53.34,58.42,147.32,144.78,203.2
"Thalictrum dioicum",2021-05-06,"CT","N4","2","1",0,"Jeremiah","","4",3,61.595,53.34,58.42,147.32,144.78,203.2
"Thalictrum dioicum",2021-05-06,"CT","N4","2","2",2,"Jeremiah","","4",3,61.595,53.34,58.42,147.32,144.78,203.2
"Thalictrum dioicum",2021-05-06,"CT","N4","2","3",1,"Jeremiah","","4",3,61.595,53.34,58.42,147.32,144.78,203.2
"Thalictrum dioicum",2021-05-06,"CT","N4","2","4",1,"Jeremiah","","4",3,61.595,53.34,58.42,147.32,144.78,203.2
"Thalictrum dioicum",2021-05-06,"CT","N4","2","5",2,"Jeremiah","","4",3,61.595,53.34,58.42,147.32,144.78,203.2
"Thalictrum dioicum",2021-05-06,"CT","N4","2","6",5,"Jeremiah","","4",3,61.595,53.34,58.42,147.32,144.78,203.2
"Thalictrum dioicum",2021-05-06,"CT","N4","2","7",5,"Jeremiah","","4",3,61.595,53.34,58.42,147.32,144.78,203.2
"Thalictrum dioicum",2021-05-06,"CT","N4","2","8",2,"Jeremiah","","4",3,61.595,53.34,58.42,147.32,144.78,203.2
"Thalictrum dioicum",2021-05-06,"CT","N4","2","9",1,"Jeremiah","","4",3,61.595,53.34,58.42,147.32,144.78,203.2
"Thalictrum dioicum",2021-05-06,"CT","N5","1","1",6,"Jeremiah","","5",3,59.3725,91.44,109.22,154.94,218.44,246.38
"Thalictrum dioicum",2021-05-06,"CT","N5","1","2",0,"Jeremiah","","5",3,59.3725,91.44,109.22,154.94,218.44,246.38
"Thalictrum dioicum",2021-05-06,"CT","N5","1","3",1,"Jeremiah","","5",3,59.3725,91.44,109.22,154.94,218.44,246.38
"Thalictrum dioicum",2021-05-06,"CT","N5","1","4",1,"Jeremiah","","5",3,59.3725,91.44,109.22,154.94,218.44,246.38
"Thalictrum dioicum",2021-05-06,"CT","N5","1","5",10,"Jeremiah","","5",3,59.3725,91.44,109.22,154.94,218.44,246.38
"Thalictrum dioicum",2021-05-06,"CT","N5","1","6",0,"Jeremiah","","5",3,59.3725,91.44,109.22,154.94,218.44,246.38
"Thalictrum dioicum",2021-05-06,"CT","N5","1","7",9,"Jeremiah","","5",3,59.3725,91.44,109.22,154.94,218.44,246.38
"Thalictrum dioicum",2021-05-06,"CT","N5","2","1",3,"Jeremiah","","5",3,59.3725,91.44,109.22,154.94,218.44,246.38
"Thalictrum dioicum",2021-05-06,"CT","N5","2","2",0,"Jeremiah","","5",3,59.3725,91.44,109.22,154.94,218.44,246.38
"Thalictrum dioicum",2021-05-06,"CT","N5","2","3",1,"Jeremiah","","5",3,59.3725,91.44,109.22,154.94,218.44,246.38
"Thalictrum dioicum",2021-05-06,"CT","N5","2","4",3,"Jeremiah","","5",3,59.3725,91.44,109.22,154.94,218.44,246.38
"Thalictrum dioicum",2021-05-06,"CT","N5","2","5",1,"Jeremiah","","5",3,59.3725,91.44,109.22,154.94,218.44,246.38
"Thalictrum dioicum",2021-05-06,"CT","N5","2","6",2,"Jeremiah","","5",3,59.3725,91.44,109.22,154.94,218.44,246.38
"Thalictrum dioicum",2021-05-06,"CT","N5","2","7",1,"Jeremiah","","5",3,59.3725,91.44,109.22,154.94,218.44,246.38
"Thalictrum dioicum",2021-05-06,"CT","N5","2","8",3,"Jeremiah","","5",3,59.3725,91.44,109.22,154.94,218.44,246.38
"Thalictrum dioicum",2021-05-06,"CT","N6","1","1",4,"Claire","","6",3,28.575,25.4,30.48,38.1,116.84,83.82
"Thalictrum dioicum",2021-05-06,"CT","N6","1","2",1,"Claire","","6",3,28.575,25.4,30.48,38.1,116.84,83.82
"Thalictrum dioicum",2021-05-06,"CT","N6","1","3",1,"Claire","","6",3,28.575,25.4,30.48,38.1,116.84,83.82
"Thalictrum dioicum",2021-05-06,"CT","N6","1","4",0,"Claire","","6",3,28.575,25.4,30.48,38.1,116.84,83.82
"Thalictrum dioicum",2021-05-06,"CT","N6","1","5",0,"Claire","","6",3,28.575,25.4,30.48,38.1,116.84,83.82
"Thalictrum dioicum",2021-05-06,"CT","N6","1","6",2,"Claire","","6",3,28.575,25.4,30.48,38.1,116.84,83.82
"Thalictrum dioicum",2021-05-06,"CT","N6","1","7",4,"Claire","","6",3,28.575,25.4,30.48,38.1,116.84,83.82
"Thalictrum dioicum",2021-05-06,"CT","N6","1","8",0,"Claire","","6",3,28.575,25.4,30.48,38.1,116.84,83.82
"Thalictrum dioicum",2021-05-06,"CT","N6","2","1",2,"Claire","","6",3,28.575,25.4,30.48,38.1,116.84,83.82
"Thalictrum dioicum",2021-05-06,"CT","N6","2","2",0,"Claire","","6",3,28.575,25.4,30.48,38.1,116.84,83.82
"Thalictrum dioicum",2021-05-06,"CT","N6","2","3",3,"Claire","","6",3,28.575,25.4,30.48,38.1,116.84,83.82
"Thalictrum dioicum",2021-05-06,"CT","N6","2","4",6,"Claire","","6",3,28.575,25.4,30.48,38.1,116.84,83.82
"Thalictrum dioicum",2021-05-06,"CT","N6","2","5",2,"Claire","","6",3,28.575,25.4,30.48,38.1,116.84,83.82
"Thalictrum dioicum",2021-05-06,"CT","N6","2","6",6,"Claire","","6",3,28.575,25.4,30.48,38.1,116.84,83.82
"Thalictrum dioicum",2021-05-06,"CT","N6","2","7",0,"Claire","","6",3,28.575,25.4,30.48,38.1,116.84,83.82
"Thalictrum dioicum",2021-05-06,"CT","N6","2","8",8,"Claire","","6",3,28.575,25.4,30.48,38.1,116.84,83.82
"Thalictrum dioicum",2021-05-06,"CT","N7","1","1",2,"Claire","","7",5,36.83,25.4,96.52,60.96,127,121.92
"Thalictrum dioicum",2021-05-06,"CT","N7","1","2",1,"Claire","","7",5,36.83,25.4,96.52,60.96,127,121.92
"Thalictrum dioicum",2021-05-06,"CT","N7","1","3",0,"Claire","","7",5,36.83,25.4,96.52,60.96,127,121.92
"Thalictrum dioicum",2021-05-06,"CT","N7","1","4",1,"Claire","","7",5,36.83,25.4,96.52,60.96,127,121.92
"Thalictrum dioicum",2021-05-06,"CT","N7","1","5",1,"Claire","","7",5,36.83,25.4,96.52,60.96,127,121.92
"Thalictrum dioicum",2021-05-06,"CT","N7","1","6",0,"Claire","","7",5,36.83,25.4,96.52,60.96,127,121.92
"Thalictrum dioicum",2021-05-06,"CT","N7","1","7",3,"Claire","","7",5,36.83,25.4,96.52,60.96,127,121.92
"Thalictrum dioicum",2021-05-06,"CT","N7","1","8",3,"Claire","","7",5,36.83,25.4,96.52,60.96,127,121.92
"Thalictrum dioicum",2021-05-06,"CT","N7","1","9",2,"Claire","","7",5,36.83,25.4,96.52,60.96,127,121.92
"Thalictrum dioicum",2021-05-06,"CT","N7","2","1",0,"Jeremiah","","7",5,36.83,25.4,96.52,60.96,127,121.92
"Thalictrum dioicum",2021-05-06,"CT","N7","2","2",0,"Jeremiah","","7",5,36.83,25.4,96.52,60.96,127,121.92
"Thalictrum dioicum",2021-05-06,"CT","N7","2","3",0,"Jeremiah","","7",5,36.83,25.4,96.52,60.96,127,121.92
"Thalictrum dioicum",2021-05-06,"CT","N7","2","4",3,"Jeremiah","","7",5,36.83,25.4,96.52,60.96,127,121.92
"Thalictrum dioicum",2021-05-06,"CT","N7","2","5",1,"Jeremiah","","7",5,36.83,25.4,96.52,60.96,127,121.92
"Thalictrum dioicum",2021-05-06,"CT","N7","2","6",0,"Jeremiah","","7",5,36.83,25.4,96.52,60.96,127,121.92
"Thalictrum dioicum",2021-05-06,"CT","N7","2","7",0,"Jeremiah","","7",5,36.83,25.4,96.52,60.96,127,121.92
"Thalictrum dioicum",2021-05-06,"CT","N7","2","8",2,"Jeremiah","","7",5,36.83,25.4,96.52,60.96,127,121.92
"Thalictrum dioicum",2021-05-06,"CT","N7","3","1",0,"Jeremiah","","7",5,36.83,25.4,96.52,60.96,127,121.92
"Thalictrum dioicum",2021-05-06,"CT","N7","3","2",0,"Jeremiah","","7",5,36.83,25.4,96.52,60.96,127,121.92
"Thalictrum dioicum",2021-05-06,"CT","N7","3","3",0,"Jeremiah","","7",5,36.83,25.4,96.52,60.96,127,121.92
"Thalictrum dioicum",2021-05-06,"CT","N7","3","4",0,"Jeremiah","","7",5,36.83,25.4,96.52,60.96,127,121.92
"Thalictrum dioicum",2021-05-06,"CT","N7","3","5",0,"Jeremiah","","7",5,36.83,25.4,96.52,60.96,127,121.92
"Thalictrum dioicum",2021-05-06,"CT","N7","3","6",0,"Jeremiah","","7",5,36.83,25.4,96.52,60.96,127,121.92
"Thalictrum dioicum",2021-05-06,"CT","N8","1","1",2,"Jeremiah","","8",3,31.115,40.64,81.28,111.76,101.6,116.84
"Thalictrum dioicum",2021-05-06,"CT","N8","1","2",0,"Jeremiah","","8",3,31.115,40.64,81.28,111.76,101.6,116.84
"Thalictrum dioicum",2021-05-06,"CT","N8","1","3",0,"Jeremiah","","8",3,31.115,40.64,81.28,111.76,101.6,116.84
"Thalictrum dioicum",2021-05-06,"CT","N8","1","4",0,"Jeremiah","","8",3,31.115,40.64,81.28,111.76,101.6,116.84
"Thalictrum dioicum",2021-05-06,"CT","N8","1","5",2,"Jeremiah","","8",3,31.115,40.64,81.28,111.76,101.6,116.84
"Thalictrum dioicum",2021-05-06,"CT","N8","1","6",0,"Jeremiah","","8",3,31.115,40.64,81.28,111.76,101.6,116.84
"Thalictrum dioicum",2021-05-06,"CT","N8","1","7",2,"Jeremiah","","8",3,31.115,40.64,81.28,111.76,101.6,116.84
"Thalictrum dioicum",2021-05-06,"CT","N8","1","8",1,"Jeremiah","","8",3,31.115,40.64,81.28,111.76,101.6,116.84
"Thalictrum dioicum",2021-05-06,"CT","N8","1","9",1,"Jeremiah","","8",3,31.115,40.64,81.28,111.76,101.6,116.84
"Thalictrum dioicum",2021-05-06,"CT","N8","2","1",1,"Jeremiah","","8",3,31.115,40.64,81.28,111.76,101.6,116.84
"Thalictrum dioicum",2021-05-06,"CT","N8","2","2",0,"Jeremiah","","8",3,31.115,40.64,81.28,111.76,101.6,116.84
"Thalictrum dioicum",2021-05-06,"CT","N8","2","3",0,"Jeremiah","","8",3,31.115,40.64,81.28,111.76,101.6,116.84
"Thalictrum dioicum",2021-05-06,"CT","N8","2","4",0,"Jeremiah","","8",3,31.115,40.64,81.28,111.76,101.6,116.84
"Thalictrum dioicum",2021-05-06,"CT","N8","2","5",0,"Jeremiah","","8",3,31.115,40.64,81.28,111.76,101.6,116.84
"Thalictrum dioicum",2021-05-06,"CT","N8","2","6",1,"Jeremiah","","8",3,31.115,40.64,81.28,111.76,101.6,116.84
"Thalictrum dioicum",2021-05-06,"CT","N8","2","7",2,"Jeremiah","","8",3,31.115,40.64,81.28,111.76,101.6,116.84
"Thalictrum dioicum",2021-05-06,"CT","N8","2","8",2,"Jeremiah","","8",3,31.115,40.64,81.28,111.76,101.6,116.84
"Thalictrum dioicum",2021-05-06,"CT","N8","2","9",1,"Jeremiah","","8",3,31.115,40.64,81.28,111.76,101.6,116.84
"Thalictrum dioicum",2021-05-06,"CT","N9","1","1",0,"Jeremiah","","9",3,43.18,38.1,66.04,73.66,165.1,66.04
"Thalictrum dioicum",2021-05-06,"CT","N9","1","2",0,"Jeremiah","","9",3,43.18,38.1,66.04,73.66,165.1,66.04
"Thalictrum dioicum",2021-05-06,"CT","N9","1","3",1,"Jeremiah","","9",3,43.18,38.1,66.04,73.66,165.1,66.04
"Thalictrum dioicum",2021-05-06,"CT","N9","1","4",1,"Jeremiah","","9",3,43.18,38.1,66.04,73.66,165.1,66.04
"Thalictrum dioicum",2021-05-06,"CT","N9","1","5",0,"Jeremiah","","9",3,43.18,38.1,66.04,73.66,165.1,66.04
"Thalictrum dioicum",2021-05-06,"CT","N9","1","6",2,"Jeremiah","","9",3,43.18,38.1,66.04,73.66,165.1,66.04
"Thalictrum dioicum",2021-05-06,"CT","N9","1","7",0,"Jeremiah","","9",3,43.18,38.1,66.04,73.66,165.1,66.04
"Thalictrum dioicum",2021-05-06,"CT","N9","1","8",0,"Jeremiah","","9",3,43.18,38.1,66.04,73.66,165.1,66.04
"Thalictrum dioicum",2021-05-06,"CT","N9","1","9",0,"Jeremiah","","9",3,43.18,38.1,66.04,73.66,165.1,66.04
"Thalictrum dioicum",2021-05-06,"CT","N9","2","1",0,"Jeremiah","","9",3,43.18,38.1,66.04,73.66,165.1,66.04
"Thalictrum dioicum",2021-05-06,"CT","N9","2","2",0,"Jeremiah","","9",3,43.18,38.1,66.04,73.66,165.1,66.04
"Thalictrum dioicum",2021-05-06,"CT","N9","2","3",0,"Jeremiah","","9",3,43.18,38.1,66.04,73.66,165.1,66.04
"Thalictrum dioicum",2021-05-06,"CT","N9","2","4",2,"Jeremiah","","9",3,43.18,38.1,66.04,73.66,165.1,66.04
"Thalictrum dioicum",2021-05-06,"CT","N9","2","5",1,"Jeremiah","","9",3,43.18,38.1,66.04,73.66,165.1,66.04
"Thalictrum dioicum",2021-05-06,"CT","N9","2","6",0,"Jeremiah","","9",3,43.18,38.1,66.04,73.66,165.1,66.04
"Thalictrum dioicum",2021-05-06,"CT","N9","2","7",1,"Jeremiah","","9",3,43.18,38.1,66.04,73.66,165.1,66.04
"Thalictrum dioicum",2021-05-06,"CT","N9","2","8",0,"Jeremiah","","9",3,43.18,38.1,66.04,73.66,165.1,66.04
"Thalictrum dioicum",2021-05-07,"BI","B1","1","1",0,"Jeremiah","","1",3,44.45,38.1,360.68,373.38,373.38,508
"Thalictrum dioicum",2021-05-07,"BI","B1","1","2",0,"Jeremiah","","1",3,44.45,38.1,360.68,373.38,373.38,508
"Thalictrum dioicum",2021-05-07,"BI","B1","1","3",0,"Jeremiah","","1",3,44.45,38.1,360.68,373.38,373.38,508
"Thalictrum dioicum",2021-05-07,"BI","B1","1","4",0,"Jeremiah","","1",3,44.45,38.1,360.68,373.38,373.38,508
"Thalictrum dioicum",2021-05-07,"BI","B1","1","5",0,"Jeremiah","","1",3,44.45,38.1,360.68,373.38,373.38,508
"Thalictrum dioicum",2021-05-07,"BI","B1","1","6",0,"Jeremiah","","1",3,44.45,38.1,360.68,373.38,373.38,508
"Thalictrum dioicum",2021-05-07,"BI","B1","1","7",1,"Jeremiah","","1",3,44.45,38.1,360.68,373.38,373.38,508
"Thalictrum dioicum",2021-05-07,"BI","B1","1","8",0,"Jeremiah","","1",3,44.45,38.1,360.68,373.38,373.38,508
"Thalictrum dioicum",2021-05-07,"BI","B1","1","9",1,"Jeremiah","","1",3,44.45,38.1,360.68,373.38,373.38,508
"Thalictrum dioicum",2021-05-07,"BI","B1","1","10",0,"Jeremiah","","1",3,44.45,38.1,360.68,373.38,373.38,508
"Thalictrum dioicum",2021-05-07,"BI","B1","1","11",0,"Jeremiah","","1",3,44.45,38.1,360.68,373.38,373.38,508
"Thalictrum dioicum",2021-05-07,"BI","B1","1","12",0,"Jeremiah","","1",3,44.45,38.1,360.68,373.38,373.38,508
"Thalictrum dioicum",2021-05-07,"BI","B1","1","13",0,"Jeremiah","","1",3,44.45,38.1,360.68,373.38,373.38,508
"Thalictrum dioicum",2021-05-07,"BI","B1","1","14",0,"Jeremiah","","1",3,44.45,38.1,360.68,373.38,373.38,508
"Thalictrum dioicum",2021-05-07,"BI","B1","1","15",2,"Jeremiah","","1",3,44.45,38.1,360.68,373.38,373.38,508
"Thalictrum dioicum",2021-05-07,"BI","B1","2","1",0,"Jeremiah","","1",3,44.45,38.1,360.68,373.38,373.38,508
"Thalictrum dioicum",2021-05-07,"BI","B1","2","2",0,"Jeremiah","","1",3,44.45,38.1,360.68,373.38,373.38,508
"Thalictrum dioicum",2021-05-07,"BI","B1","2","3",0,"Jeremiah","","1",3,44.45,38.1,360.68,373.38,373.38,508
"Thalictrum dioicum",2021-05-07,"BI","B1","2","4",0,"Jeremiah","","1",3,44.45,38.1,360.68,373.38,373.38,508
"Thalictrum dioicum",2021-05-07,"BI","B1","2","5",0,"Jeremiah","","1",3,44.45,38.1,360.68,373.38,373.38,508
"Thalictrum dioicum",2021-05-07,"BI","B1","2","6",2,"Jeremiah","","1",3,44.45,38.1,360.68,373.38,373.38,508
"Thalictrum dioicum",2021-05-07,"BI","B1","2","7",0,"Jeremiah","","1",3,44.45,38.1,360.68,373.38,373.38,508
"Thalictrum dioicum",2021-05-07,"BI","B1","2","8",0,"Jeremiah","","1",3,44.45,38.1,360.68,373.38,373.38,508
"Thalictrum dioicum",2021-05-07,"BI","B1","2","9",0,"Jeremiah","","1",3,44.45,38.1,360.68,373.38,373.38,508
"Thalictrum dioicum",2021-05-07,"BI","B1","2","10",0,"Jeremiah","","1",3,44.45,38.1,360.68,373.38,373.38,508
"Thalictrum dioicum",2021-05-07,"BI","B1","2","11",0,"Jeremiah","","1",3,44.45,38.1,360.68,373.38,373.38,508
"Thalictrum dioicum",2021-05-07,"BI","B1","2","12",0,"Jeremiah","","1",3,44.45,38.1,360.68,373.38,373.38,508
"Thalictrum dioicum",2021-05-07,"BI","B1","2","13",0,"Jeremiah","","1",3,44.45,38.1,360.68,373.38,373.38,508
"Thalictrum dioicum",2021-05-07,"BI","B10","1","1",3,"Claire","","10",4,53.34,17.78,40.64,58.42,269.24,233.68
"Thalictrum dioicum",2021-05-07,"BI","B10","1","2",1,"Claire","","10",4,53.34,17.78,40.64,58.42,269.24,233.68
"Thalictrum dioicum",2021-05-07,"BI","B10","1","3",2,"Claire","","10",4,53.34,17.78,40.64,58.42,269.24,233.68
"Thalictrum dioicum",2021-05-07,"BI","B10","1","4",0,"Claire","","10",4,53.34,17.78,40.64,58.42,269.24,233.68
"Thalictrum dioicum",2021-05-07,"BI","B10","1","5",0,"Claire","","10",4,53.34,17.78,40.64,58.42,269.24,233.68
"Thalictrum dioicum",2021-05-07,"BI","B10","1","6",0,"Claire","","10",4,53.34,17.78,40.64,58.42,269.24,233.68
"Thalictrum dioicum",2021-05-07,"BI","B10","1","7",0,"Claire","","10",4,53.34,17.78,40.64,58.42,269.24,233.68
"Thalictrum dioicum",2021-05-07,"BI","B10","1","8",4,"Claire","","10",4,53.34,17.78,40.64,58.42,269.24,233.68
"Thalictrum dioicum",2021-05-07,"BI","B10","1","9",0,"Claire","","10",4,53.34,17.78,40.64,58.42,269.24,233.68
"Thalictrum dioicum",2021-05-07,"BI","B10","1","10",1,"Claire","","10",4,53.34,17.78,40.64,58.42,269.24,233.68
"Thalictrum dioicum",2021-05-07,"BI","B10","2","1",0,"Claire","","10",4,53.34,17.78,40.64,58.42,269.24,233.68
"Thalictrum dioicum",2021-05-07,"BI","B10","2","2",0,"Claire","","10",4,53.34,17.78,40.64,58.42,269.24,233.68
"Thalictrum dioicum",2021-05-07,"BI","B10","2","3",0,"Claire","","10",4,53.34,17.78,40.64,58.42,269.24,233.68
"Thalictrum dioicum",2021-05-07,"BI","B10","2","4",2,"Claire","","10",4,53.34,17.78,40.64,58.42,269.24,233.68
"Thalictrum dioicum",2021-05-07,"BI","B10","2","5",2,"Claire","","10",4,53.34,17.78,40.64,58.42,269.24,233.68
"Thalictrum dioicum",2021-05-07,"BI","B10","2","6",0,"Claire","","10",4,53.34,17.78,40.64,58.42,269.24,233.68
"Thalictrum dioicum",2021-05-07,"BI","B10","2","7",0,"Claire","","10",4,53.34,17.78,40.64,58.42,269.24,233.68
"Thalictrum dioicum",2021-05-07,"BI","B10","2","8",1,"Claire","","10",4,53.34,17.78,40.64,58.42,269.24,233.68
"Thalictrum dioicum",2021-05-07,"BI","B10","2","9",1,"Claire","The stigma stalk was missing, the bulb at the bottom was all that was there (There was zero pollen associated with it).","10",4,53.34,17.78,40.64,58.42,269.24,233.68
"Thalictrum dioicum",2021-05-07,"BI","B10","2","10",2,"Claire","","10",4,53.34,17.78,40.64,58.42,269.24,233.68
"Thalictrum dioicum",2021-05-07,"BI","B10","2","11",0,"Claire","","10",4,53.34,17.78,40.64,58.42,269.24,233.68
"Thalictrum dioicum",2021-05-07,"BI","B10","2","12",0,"Claire","","10",4,53.34,17.78,40.64,58.42,269.24,233.68
"Thalictrum dioicum",2021-05-07,"BI","B11","1","1",4,"Claire","","11",2,22.86,231.14,248.92,368.3,378.46,421.64
"Thalictrum dioicum",2021-05-07,"BI","B11","1","2",1,"Claire","","11",2,22.86,231.14,248.92,368.3,378.46,421.64
"Thalictrum dioicum",2021-05-07,"BI","B11","1","3",4,"Claire","","11",2,22.86,231.14,248.92,368.3,378.46,421.64
"Thalictrum dioicum",2021-05-07,"BI","B11","1","4",3,"Claire","","11",2,22.86,231.14,248.92,368.3,378.46,421.64
"Thalictrum dioicum",2021-05-07,"BI","B11","1","5",6,"Claire","","11",2,22.86,231.14,248.92,368.3,378.46,421.64
"Thalictrum dioicum",2021-05-07,"BI","B11","1","6",1,"Claire","","11",2,22.86,231.14,248.92,368.3,378.46,421.64
"Thalictrum dioicum",2021-05-07,"BI","B11","1","7",2,"Claire","","11",2,22.86,231.14,248.92,368.3,378.46,421.64
"Thalictrum dioicum",2021-05-07,"BI","B11","1","8",0,"Claire","","11",2,22.86,231.14,248.92,368.3,378.46,421.64
"Thalictrum dioicum",2021-05-07,"BI","B11","2","1",7,"Claire","","11",2,22.86,231.14,248.92,368.3,378.46,421.64
"Thalictrum dioicum",2021-05-07,"BI","B11","2","2",3,"Claire","","11",2,22.86,231.14,248.92,368.3,378.46,421.64
"Thalictrum dioicum",2021-05-07,"BI","B11","2","3",3,"Claire","","11",2,22.86,231.14,248.92,368.3,378.46,421.64
"Thalictrum dioicum",2021-05-07,"BI","B11","2","4",10,"Claire","","11",2,22.86,231.14,248.92,368.3,378.46,421.64
"Thalictrum dioicum",2021-05-07,"BI","B11","2","5",6,"Claire","","11",2,22.86,231.14,248.92,368.3,378.46,421.64
"Thalictrum dioicum",2021-05-07,"BI","B11","2","6",0,"Claire","","11",2,22.86,231.14,248.92,368.3,378.46,421.64
"Thalictrum dioicum",2021-05-07,"BI","B11","2","7",1,"Claire","","11",2,22.86,231.14,248.92,368.3,378.46,421.64
"Thalictrum dioicum",2021-05-07,"BI","B11","2","8",4,"Claire","","11",2,22.86,231.14,248.92,368.3,378.46,421.64
"Thalictrum dioicum",2021-05-07,"BI","B11","2","9",6,"Claire","","11",2,22.86,231.14,248.92,368.3,378.46,421.64
"Thalictrum dioicum",2021-05-07,"BI","B11","2","10",3,"Claire","","11",2,22.86,231.14,248.92,368.3,378.46,421.64
"Thalictrum dioicum",2021-05-07,"BI","B12","1","1",0,"Claire","","12",2,55.88,50.8,116.84,139.7,106.68,152.4
"Thalictrum dioicum",2021-05-07,"BI","B12","1","2",0,"Claire","","12",2,55.88,50.8,116.84,139.7,106.68,152.4
"Thalictrum dioicum",2021-05-07,"BI","B12","1","3",0,"Claire","","12",2,55.88,50.8,116.84,139.7,106.68,152.4
"Thalictrum dioicum",2021-05-07,"BI","B12","1","4",0,"Claire","","12",2,55.88,50.8,116.84,139.7,106.68,152.4
"Thalictrum dioicum",2021-05-07,"BI","B12","1","5",0,"Claire","","12",2,55.88,50.8,116.84,139.7,106.68,152.4
"Thalictrum dioicum",2021-05-07,"BI","B12","1","6",0,"Claire","","12",2,55.88,50.8,116.84,139.7,106.68,152.4
"Thalictrum dioicum",2021-05-07,"BI","B12","1","7",0,"Claire","","12",2,55.88,50.8,116.84,139.7,106.68,152.4
"Thalictrum dioicum",2021-05-07,"BI","B12","1","8",0,"Claire","","12",2,55.88,50.8,116.84,139.7,106.68,152.4
"Thalictrum dioicum",2021-05-07,"BI","B12","1","9",0,"Claire","","12",2,55.88,50.8,116.84,139.7,106.68,152.4
"Thalictrum dioicum",2021-05-07,"BI","B12","2","1",1,"Claire","","12",2,55.88,50.8,116.84,139.7,106.68,152.4
"Thalictrum dioicum",2021-05-07,"BI","B12","2","2",0,"Claire","","12",2,55.88,50.8,116.84,139.7,106.68,152.4
"Thalictrum dioicum",2021-05-07,"BI","B12","2","3",2,"Claire","","12",2,55.88,50.8,116.84,139.7,106.68,152.4
"Thalictrum dioicum",2021-05-07,"BI","B12","2","4",0,"Claire","","12",2,55.88,50.8,116.84,139.7,106.68,152.4
"Thalictrum dioicum",2021-05-07,"BI","B12","2","5",0,"Claire","","12",2,55.88,50.8,116.84,139.7,106.68,152.4
"Thalictrum dioicum",2021-05-07,"BI","B12","2","6",0,"Claire","","12",2,55.88,50.8,116.84,139.7,106.68,152.4
"Thalictrum dioicum",2021-05-07,"BI","B12","2","7",0,"Claire","","12",2,55.88,50.8,116.84,139.7,106.68,152.4
"Thalictrum dioicum",2021-05-07,"BI","B12","2","8",0,"Claire","","12",2,55.88,50.8,116.84,139.7,106.68,152.4
"Thalictrum dioicum",2021-05-07,"BI","B13","1","1",0,"Claire","","13",2,68.58,50.8,73.66,81.28,93.98,106.68
"Thalictrum dioicum",2021-05-07,"BI","B13","1","2",1,"Claire","sandy tube, hard to tell","13",2,68.58,50.8,73.66,81.28,93.98,106.68
"Thalictrum dioicum",2021-05-07,"BI","B13","1","3",2,"Claire","sandy tube, hard to tell","13",2,68.58,50.8,73.66,81.28,93.98,106.68
"Thalictrum dioicum",2021-05-07,"BI","B13","1","4",1,"Claire","sandy tube, hard to tell","13",2,68.58,50.8,73.66,81.28,93.98,106.68
"Thalictrum dioicum",2021-05-07,"BI","B13","1","5",6,"Claire","sandy tube, hard to tell","13",2,68.58,50.8,73.66,81.28,93.98,106.68
"Thalictrum dioicum",2021-05-07,"BI","B13","1","6",4,"Claire","sandy tube, hard to tell","13",2,68.58,50.8,73.66,81.28,93.98,106.68
"Thalictrum dioicum",2021-05-07,"BI","B13","1","7",2,"Claire","sandy tube, hard to tell","13",2,68.58,50.8,73.66,81.28,93.98,106.68
"Thalictrum dioicum",2021-05-07,"BI","B13","1","8",2,"Claire","sandy tube, hard to tell","13",2,68.58,50.8,73.66,81.28,93.98,106.68
"Thalictrum dioicum",2021-05-07,"BI","B13","1","9",1,"Claire","sandy tube, hard to tell","13",2,68.58,50.8,73.66,81.28,93.98,106.68
"Thalictrum dioicum",2021-05-07,"BI","B13","1","10",1,"Claire","sandy tube, hard to tell","13",2,68.58,50.8,73.66,81.28,93.98,106.68
"Thalictrum dioicum",2021-05-07,"BI","B13","1","11",3,"Claire","sandy tube, hard to tell","13",2,68.58,50.8,73.66,81.28,93.98,106.68
"Thalictrum dioicum",2021-05-07,"BI","B13","1","12",1,"Claire","sandy tube, hard to tell","13",2,68.58,50.8,73.66,81.28,93.98,106.68
"Thalictrum dioicum",2021-05-07,"BI","B13","1","13",0,"Claire","sandy tube, hard to tell","13",2,68.58,50.8,73.66,81.28,93.98,106.68
"Thalictrum dioicum",2021-05-07,"BI","B13","1","14",1,"Claire","sandy tube, hard to tell","13",2,68.58,50.8,73.66,81.28,93.98,106.68
"Thalictrum dioicum",2021-05-07,"BI","B13","1","15",1,"Claire","sandy tube, hard to tell","13",2,68.58,50.8,73.66,81.28,93.98,106.68
"Thalictrum dioicum",2021-05-07,"BI","B13","1","16",4,"Claire","sandy tube, hard to tell","13",2,68.58,50.8,73.66,81.28,93.98,106.68
"Thalictrum dioicum",2021-05-07,"BI","B13","1","17",0,"Claire","sandy tube, hard to tell","13",2,68.58,50.8,73.66,81.28,93.98,106.68
"Thalictrum dioicum",2021-05-07,"BI","B13","1","18",0,"Claire","sandy tube, hard to tell","13",2,68.58,50.8,73.66,81.28,93.98,106.68
"Thalictrum dioicum",2021-05-07,"BI","B13","2","1",0,"Claire","sandy tube, hard to tell","13",2,68.58,50.8,73.66,81.28,93.98,106.68
"Thalictrum dioicum",2021-05-07,"BI","B13","2","2",2,"Claire","sandy tube, hard to tell","13",2,68.58,50.8,73.66,81.28,93.98,106.68
"Thalictrum dioicum",2021-05-07,"BI","B13","2","3",4,"Claire","sandy tube, hard to tell","13",2,68.58,50.8,73.66,81.28,93.98,106.68
"Thalictrum dioicum",2021-05-07,"BI","B13","2","4",1,"Claire","sandy tube, hard to tell","13",2,68.58,50.8,73.66,81.28,93.98,106.68
"Thalictrum dioicum",2021-05-07,"BI","B13","2","5",3,"Claire","sandy tube, hard to tell","13",2,68.58,50.8,73.66,81.28,93.98,106.68
"Thalictrum dioicum",2021-05-07,"BI","B13","2","6",0,"Claire","sandy tube, hard to tell","13",2,68.58,50.8,73.66,81.28,93.98,106.68
"Thalictrum dioicum",2021-05-07,"BI","B13","2","7",0,"Claire","sandy tube, hard to tell","13",2,68.58,50.8,73.66,81.28,93.98,106.68
"Thalictrum dioicum",2021-05-07,"BI","B13","2","8",1,"Claire","sandy tube, hard to tell","13",2,68.58,50.8,73.66,81.28,93.98,106.68
"Thalictrum dioicum",2021-05-07,"BI","B13","2","9",1,"Claire","sandy tube, hard to tell","13",2,68.58,50.8,73.66,81.28,93.98,106.68
"Thalictrum dioicum",2021-05-07,"BI","B13","2","10",1,"Claire","sandy tube, hard to tell","13",2,68.58,50.8,73.66,81.28,93.98,106.68
"Thalictrum dioicum",2021-05-07,"BI","B13","2","11",1,"Claire","sandy tube, hard to tell","13",2,68.58,50.8,73.66,81.28,93.98,106.68
"Thalictrum dioicum",2021-05-07,"BI","B13","2","12",2,"Claire","sandy tube, hard to tell","13",2,68.58,50.8,73.66,81.28,93.98,106.68
"Thalictrum dioicum",2021-05-07,"BI","B13","2","13",0,"Claire","","13",2,68.58,50.8,73.66,81.28,93.98,106.68
"Thalictrum dioicum",2021-05-07,"BI","B13","2","14",0,"Claire","","13",2,68.58,50.8,73.66,81.28,93.98,106.68
"Thalictrum dioicum",2021-05-07,"BI","B13","2","15",0,"Claire","","13",2,68.58,50.8,73.66,81.28,93.98,106.68
"Thalictrum dioicum",2021-05-07,"BI","B13","2","16",2,"Claire","","13",2,68.58,50.8,73.66,81.28,93.98,106.68
"Thalictrum dioicum",2021-05-07,"BI","B13","2","17",0,"Claire","","13",2,68.58,50.8,73.66,81.28,93.98,106.68
"Thalictrum dioicum",2021-05-07,"BI","B14","1","1",1,"Claire","","14",3,45.72,350.52,355.6,406.4,406.4,35.56
"Thalictrum dioicum",2021-05-07,"BI","B14","1","2",0,"Claire","","14",3,45.72,350.52,355.6,406.4,406.4,35.56
"Thalictrum dioicum",2021-05-07,"BI","B14","1","3",0,"Claire","","14",3,45.72,350.52,355.6,406.4,406.4,35.56
"Thalictrum dioicum",2021-05-07,"BI","B14","1","4",0,"Claire","","14",3,45.72,350.52,355.6,406.4,406.4,35.56
"Thalictrum dioicum",2021-05-07,"BI","B14","1","5",0,"Claire","","14",3,45.72,350.52,355.6,406.4,406.4,35.56
"Thalictrum dioicum",2021-05-07,"BI","B14","1","6",0,"Claire","","14",3,45.72,350.52,355.6,406.4,406.4,35.56
"Thalictrum dioicum",2021-05-07,"BI","B14","1","7",0,"Claire","","14",3,45.72,350.52,355.6,406.4,406.4,35.56
"Thalictrum dioicum",2021-05-07,"BI","B14","1","8",0,"Claire","","14",3,45.72,350.52,355.6,406.4,406.4,35.56
"Thalictrum dioicum",2021-05-07,"BI","B14","1","9",0,"Claire","","14",3,45.72,350.52,355.6,406.4,406.4,35.56
"Thalictrum dioicum",2021-05-07,"BI","B14","1","10",0,"Claire","","14",3,45.72,350.52,355.6,406.4,406.4,35.56
"Thalictrum dioicum",2021-05-07,"BI","B14","1","11",0,"Claire","","14",3,45.72,350.52,355.6,406.4,406.4,35.56
"Thalictrum dioicum",2021-05-07,"BI","B14","2","1",0,"Claire","","14",3,45.72,350.52,355.6,406.4,406.4,35.56
"Thalictrum dioicum",2021-05-07,"BI","B14","2","2",0,"Claire","","14",3,45.72,350.52,355.6,406.4,406.4,35.56
"Thalictrum dioicum",2021-05-07,"BI","B14","2","3",0,"Claire","","14",3,45.72,350.52,355.6,406.4,406.4,35.56
"Thalictrum dioicum",2021-05-07,"BI","B14","2","4",0,"Claire","","14",3,45.72,350.52,355.6,406.4,406.4,35.56
"Thalictrum dioicum",2021-05-07,"BI","B14","2","5",1,"Claire","","14",3,45.72,350.52,355.6,406.4,406.4,35.56
"Thalictrum dioicum",2021-05-07,"BI","B14","2","6",2,"Claire","","14",3,45.72,350.52,355.6,406.4,406.4,35.56
"Thalictrum dioicum",2021-05-07,"BI","B14","2","7",0,"Claire","","14",3,45.72,350.52,355.6,406.4,406.4,35.56
"Thalictrum dioicum",2021-05-07,"BI","B14","2","8",2,"Claire","","14",3,45.72,350.52,355.6,406.4,406.4,35.56
"Thalictrum dioicum",2021-05-07,"BI","B15","1","1",0,"Claire","","15",3,30.48,91.44,134.62,193.04,355.6,698.5
"Thalictrum dioicum",2021-05-07,"BI","B15","1","2",0,"Claire","","15",3,30.48,91.44,134.62,193.04,355.6,698.5
"Thalictrum dioicum",2021-05-07,"BI","B15","1","3",0,"Claire","","15",3,30.48,91.44,134.62,193.04,355.6,698.5
"Thalictrum dioicum",2021-05-07,"BI","B15","1","4",0,"Claire","","15",3,30.48,91.44,134.62,193.04,355.6,698.5
"Thalictrum dioicum",2021-05-07,"BI","B15","1","5",0,"Claire","","15",3,30.48,91.44,134.62,193.04,355.6,698.5
"Thalictrum dioicum",2021-05-07,"BI","B15","1","6",0,"Claire","","15",3,30.48,91.44,134.62,193.04,355.6,698.5
"Thalictrum dioicum",2021-05-07,"BI","B15","1","7",0,"Claire","","15",3,30.48,91.44,134.62,193.04,355.6,698.5
"Thalictrum dioicum",2021-05-07,"BI","B15","1","8",0,"Claire","","15",3,30.48,91.44,134.62,193.04,355.6,698.5
"Thalictrum dioicum",2021-05-07,"BI","B15","1","9",0,"Claire","","15",3,30.48,91.44,134.62,193.04,355.6,698.5
"Thalictrum dioicum",2021-05-07,"BI","B15","1","10",0,"Claire","","15",3,30.48,91.44,134.62,193.04,355.6,698.5
"Thalictrum dioicum",2021-05-07,"BI","B15","2","1",1,"Claire","","15",3,30.48,91.44,134.62,193.04,355.6,698.5
"Thalictrum dioicum",2021-05-07,"BI","B15","2","2",0,"Claire","","15",3,30.48,91.44,134.62,193.04,355.6,698.5
"Thalictrum dioicum",2021-05-07,"BI","B15","2","3",0,"Claire","","15",3,30.48,91.44,134.62,193.04,355.6,698.5
"Thalictrum dioicum",2021-05-07,"BI","B15","2","4",0,"Claire","","15",3,30.48,91.44,134.62,193.04,355.6,698.5
"Thalictrum dioicum",2021-05-07,"BI","B15","2","5",0,"Claire","","15",3,30.48,91.44,134.62,193.04,355.6,698.5
"Thalictrum dioicum",2021-05-07,"BI","B15","2","6",0,"Claire","","15",3,30.48,91.44,134.62,193.04,355.6,698.5
"Thalictrum dioicum",2021-05-07,"BI","B15","2","7",0,"Claire","","15",3,30.48,91.44,134.62,193.04,355.6,698.5
"Thalictrum dioicum",2021-05-07,"BI","B15","2","8",0,"Claire","","15",3,30.48,91.44,134.62,193.04,355.6,698.5
"Thalictrum dioicum",2021-05-07,"BI","B15","2","9",0,"Claire","","15",3,30.48,91.44,134.62,193.04,355.6,698.5
"Thalictrum dioicum",2021-05-07,"BI","B15","2","10",0,"Claire","","15",3,30.48,91.44,134.62,193.04,355.6,698.5
"Thalictrum dioicum",2021-05-07,"BI","B2","1","1",0,"Jeremiah","","2",2,57.15,40.64,76.2,58.42,114.3,584.2
"Thalictrum dioicum",2021-05-07,"BI","B2","1","2",3,"Jeremiah","","2",2,57.15,40.64,76.2,58.42,114.3,584.2
"Thalictrum dioicum",2021-05-07,"BI","B2","1","3",0,"Jeremiah","","2",2,57.15,40.64,76.2,58.42,114.3,584.2
"Thalictrum dioicum",2021-05-07,"BI","B2","1","4",0,"Jeremiah","","2",2,57.15,40.64,76.2,58.42,114.3,584.2
"Thalictrum dioicum",2021-05-07,"BI","B2","1","5",0,"Jeremiah","","2",2,57.15,40.64,76.2,58.42,114.3,584.2
"Thalictrum dioicum",2021-05-07,"BI","B2","1","6",3,"Jeremiah","","2",2,57.15,40.64,76.2,58.42,114.3,584.2
"Thalictrum dioicum",2021-05-07,"BI","B2","1","7",1,"Jeremiah","","2",2,57.15,40.64,76.2,58.42,114.3,584.2
"Thalictrum dioicum",2021-05-07,"BI","B2","1","8",0,"Jeremiah","","2",2,57.15,40.64,76.2,58.42,114.3,584.2
"Thalictrum dioicum",2021-05-07,"BI","B2","1","9",0,"Jeremiah","","2",2,57.15,40.64,76.2,58.42,114.3,584.2
"Thalictrum dioicum",2021-05-07,"BI","B2","1","10",0,"Jeremiah","","2",2,57.15,40.64,76.2,58.42,114.3,584.2
"Thalictrum dioicum",2021-05-07,"BI","B2","1","11",1,"Jeremiah","","2",2,57.15,40.64,76.2,58.42,114.3,584.2
"Thalictrum dioicum",2021-05-07,"BI","B2","2","1",0,"Jeremiah","","2",2,57.15,40.64,76.2,58.42,114.3,584.2
"Thalictrum dioicum",2021-05-07,"BI","B2","2","2",1,"Jeremiah","","2",2,57.15,40.64,76.2,58.42,114.3,584.2
"Thalictrum dioicum",2021-05-07,"BI","B2","2","3",0,"Jeremiah","","2",2,57.15,40.64,76.2,58.42,114.3,584.2
"Thalictrum dioicum",2021-05-07,"BI","B2","2","4",4,"Jeremiah","","2",2,57.15,40.64,76.2,58.42,114.3,584.2
"Thalictrum dioicum",2021-05-07,"BI","B2","2","5",0,"Jeremiah","fairly short stigmas","2",2,57.15,40.64,76.2,58.42,114.3,584.2
"Thalictrum dioicum",2021-05-07,"BI","B2","2","6",1,"Jeremiah","fairly short stigmas","2",2,57.15,40.64,76.2,58.42,114.3,584.2
"Thalictrum dioicum",2021-05-07,"BI","B2","2","7",0,"Jeremiah","fairly short stigmas","2",2,57.15,40.64,76.2,58.42,114.3,584.2
"Thalictrum dioicum",2021-05-07,"BI","B2","2","8",NA,"Jeremiah","fairly short stigmas","2",2,57.15,40.64,76.2,58.42,114.3,584.2
"Thalictrum dioicum",2021-05-07,"BI","B2","2","9",2,"Jeremiah","fairly short stigmas","2",2,57.15,40.64,76.2,58.42,114.3,584.2
"Thalictrum dioicum",2021-05-07,"BI","B3","1","1",2,"Jeremiah","fairly short stigmas","3",3,53.34,38.1,55.88,48.26,111.76,205.74
"Thalictrum dioicum",2021-05-07,"BI","B3","1","2",2,"Jeremiah","fairly short stigmas","3",3,53.34,38.1,55.88,48.26,111.76,205.74
"Thalictrum dioicum",2021-05-07,"BI","B3","1","3",3,"Jeremiah","fairly short stigmas","3",3,53.34,38.1,55.88,48.26,111.76,205.74
"Thalictrum dioicum",2021-05-07,"BI","B3","1","4",2,"Jeremiah","fairly short stigmas","3",3,53.34,38.1,55.88,48.26,111.76,205.74
"Thalictrum dioicum",2021-05-07,"BI","B3","1","5",0,"Jeremiah","fairly short stigmas","3",3,53.34,38.1,55.88,48.26,111.76,205.74
"Thalictrum dioicum",2021-05-07,"BI","B3","1","6",1,"Jeremiah","fairly short stigmas","3",3,53.34,38.1,55.88,48.26,111.76,205.74
"Thalictrum dioicum",2021-05-07,"BI","B3","1","7",0,"Jeremiah","","3",3,53.34,38.1,55.88,48.26,111.76,205.74
"Thalictrum dioicum",2021-05-07,"BI","B3","1","8",1,"Jeremiah","","3",3,53.34,38.1,55.88,48.26,111.76,205.74
"Thalictrum dioicum",2021-05-07,"BI","B3","2","1",1,"Jeremiah","","3",3,53.34,38.1,55.88,48.26,111.76,205.74
"Thalictrum dioicum",2021-05-07,"BI","B3","2","2",2,"Jeremiah","","3",3,53.34,38.1,55.88,48.26,111.76,205.74
"Thalictrum dioicum",2021-05-07,"BI","B3","2","3",2,"Jeremiah","","3",3,53.34,38.1,55.88,48.26,111.76,205.74
"Thalictrum dioicum",2021-05-07,"BI","B3","2","4",1,"Jeremiah","","3",3,53.34,38.1,55.88,48.26,111.76,205.74
"Thalictrum dioicum",2021-05-07,"BI","B3","2","5",2,"Jeremiah","","3",3,53.34,38.1,55.88,48.26,111.76,205.74
"Thalictrum dioicum",2021-05-07,"BI","B3","2","6",1,"Jeremiah","","3",3,53.34,38.1,55.88,48.26,111.76,205.74
"Thalictrum dioicum",2021-05-07,"BI","B3","2","7",4,"Jeremiah","","3",3,53.34,38.1,55.88,48.26,111.76,205.74
"Thalictrum dioicum",2021-05-07,"BI","B3","2","8",0,"Jeremiah","","3",3,53.34,38.1,55.88,48.26,111.76,205.74
"Thalictrum dioicum",2021-05-07,"BI","B3","2","9",0,"Jeremiah","","3",3,53.34,38.1,55.88,48.26,111.76,205.74
"Thalictrum dioicum",2021-05-07,"BI","B4","1","1",1,"Claire","","4",3,58.42,27.94,48.26,48.26,111.76,48.26
"Thalictrum dioicum",2021-05-07,"BI","B4","1","2",1,"Claire","","4",3,58.42,27.94,48.26,48.26,111.76,48.26
"Thalictrum dioicum",2021-05-07,"BI","B4","1","3",2,"Claire","","4",3,58.42,27.94,48.26,48.26,111.76,48.26
"Thalictrum dioicum",2021-05-07,"BI","B4","1","4",2,"Claire","","4",3,58.42,27.94,48.26,48.26,111.76,48.26
"Thalictrum dioicum",2021-05-07,"BI","B4","1","5",4,"Claire","","4",3,58.42,27.94,48.26,48.26,111.76,48.26
"Thalictrum dioicum",2021-05-07,"BI","B4","1","6",1,"Claire","","4",3,58.42,27.94,48.26,48.26,111.76,48.26
"Thalictrum dioicum",2021-05-07,"BI","B4","1","7",1,"Claire","","4",3,58.42,27.94,48.26,48.26,111.76,48.26
"Thalictrum dioicum",2021-05-07,"BI","B4","1","8",0,"Claire","","4",3,58.42,27.94,48.26,48.26,111.76,48.26
"Thalictrum dioicum",2021-05-07,"BI","B4","1","9",3,"Claire","","4",3,58.42,27.94,48.26,48.26,111.76,48.26
"Thalictrum dioicum",2021-05-07,"BI","B4","2","1",2,"Claire","","4",3,58.42,27.94,48.26,48.26,111.76,48.26
"Thalictrum dioicum",2021-05-07,"BI","B4","2","2",4,"Claire","","4",3,58.42,27.94,48.26,48.26,111.76,48.26
"Thalictrum dioicum",2021-05-07,"BI","B4","2","3",3,"Claire","","4",3,58.42,27.94,48.26,48.26,111.76,48.26
"Thalictrum dioicum",2021-05-07,"BI","B4","2","4",1,"Claire","","4",3,58.42,27.94,48.26,48.26,111.76,48.26
"Thalictrum dioicum",2021-05-07,"BI","B4","2","5",0,"Claire","","4",3,58.42,27.94,48.26,48.26,111.76,48.26
"Thalictrum dioicum",2021-05-07,"BI","B4","2","6",1,"Claire","","4",3,58.42,27.94,48.26,48.26,111.76,48.26
"Thalictrum dioicum",2021-05-07,"BI","B4","2","7",0,"Claire","","4",3,58.42,27.94,48.26,48.26,111.76,48.26
"Thalictrum dioicum",2021-05-07,"BI","B4","2","8",0,"Claire","","4",3,58.42,27.94,48.26,48.26,111.76,48.26
"Thalictrum dioicum",2021-05-07,"BI","B4","2","9",0,"Claire","","4",3,58.42,27.94,48.26,48.26,111.76,48.26
"Thalictrum dioicum",2021-05-07,"BI","B4","2","10",1,"Claire","","4",3,58.42,27.94,48.26,48.26,111.76,48.26
"Thalictrum dioicum",2021-05-07,"BI","B4","2","11",1,"Claire","","4",3,58.42,27.94,48.26,48.26,111.76,48.26
"Thalictrum dioicum",2021-05-07,"BI","B5","1","1",2,"Claire","","5",2,46.99,40.64,53.34,27.94,68.58,124.46
"Thalictrum dioicum",2021-05-07,"BI","B5","1","2",1,"Claire","","5",2,46.99,40.64,53.34,27.94,68.58,124.46
"Thalictrum dioicum",2021-05-07,"BI","B5","1","3",4,"Claire","","5",2,46.99,40.64,53.34,27.94,68.58,124.46
"Thalictrum dioicum",2021-05-07,"BI","B5","1","4",0,"Claire","","5",2,46.99,40.64,53.34,27.94,68.58,124.46
"Thalictrum dioicum",2021-05-07,"BI","B5","1","5",1,"Claire","","5",2,46.99,40.64,53.34,27.94,68.58,124.46
"Thalictrum dioicum",2021-05-07,"BI","B5","1","6",1,"Claire","","5",2,46.99,40.64,53.34,27.94,68.58,124.46
"Thalictrum dioicum",2021-05-07,"BI","B5","1","7",1,"Claire","","5",2,46.99,40.64,53.34,27.94,68.58,124.46
"Thalictrum dioicum",2021-05-07,"BI","B5","1","8",0,"Claire","","5",2,46.99,40.64,53.34,27.94,68.58,124.46
"Thalictrum dioicum",2021-05-07,"BI","B5","1","9",0,"Claire","","5",2,46.99,40.64,53.34,27.94,68.58,124.46
"Thalictrum dioicum",2021-05-07,"BI","B5","2","1",4,"Claire","","5",2,46.99,40.64,53.34,27.94,68.58,124.46
"Thalictrum dioicum",2021-05-07,"BI","B5","2","2",0,"Claire","","5",2,46.99,40.64,53.34,27.94,68.58,124.46
"Thalictrum dioicum",2021-05-07,"BI","B5","2","3",3,"Claire","","5",2,46.99,40.64,53.34,27.94,68.58,124.46
"Thalictrum dioicum",2021-05-07,"BI","B5","2","4",3,"Claire","","5",2,46.99,40.64,53.34,27.94,68.58,124.46
"Thalictrum dioicum",2021-05-07,"BI","B5","2","5",2,"Claire","very short stigma, cut off?","5",2,46.99,40.64,53.34,27.94,68.58,124.46
"Thalictrum dioicum",2021-05-07,"BI","B5","2","6",3,"Claire","very short stigma, cut off?","5",2,46.99,40.64,53.34,27.94,68.58,124.46
"Thalictrum dioicum",2021-05-07,"BI","B5","2","7",1,"Claire","","5",2,46.99,40.64,53.34,27.94,68.58,124.46
"Thalictrum dioicum",2021-05-07,"BI","B5","2","8",1,"Claire","","5",2,46.99,40.64,53.34,27.94,68.58,124.46
"Thalictrum dioicum",2021-05-07,"BI","B5","2","9",4,"Claire","","5",2,46.99,40.64,53.34,27.94,68.58,124.46
"Thalictrum dioicum",2021-05-07,"BI","B5","2","10",5,"Claire","","5",2,46.99,40.64,53.34,27.94,68.58,124.46
"Thalictrum dioicum",2021-05-07,"BI","B6","1","1",1,"Claire","","6",2,36.83,73.66,27.94,99.06,101.6,88.9
"Thalictrum dioicum",2021-05-07,"BI","B6","1","2",1,"Claire","","6",2,36.83,73.66,27.94,99.06,101.6,88.9
"Thalictrum dioicum",2021-05-07,"BI","B6","1","3",0,"Claire","","6",2,36.83,73.66,27.94,99.06,101.6,88.9
"Thalictrum dioicum",2021-05-07,"BI","B6","1","4",0,"Claire","","6",2,36.83,73.66,27.94,99.06,101.6,88.9
"Thalictrum dioicum",2021-05-07,"BI","B6","1","5",1,"Claire","","6",2,36.83,73.66,27.94,99.06,101.6,88.9
"Thalictrum dioicum",2021-05-07,"BI","B6","1","6",0,"Claire","","6",2,36.83,73.66,27.94,99.06,101.6,88.9
"Thalictrum dioicum",2021-05-07,"BI","B6","1","7",0,"Claire","","6",2,36.83,73.66,27.94,99.06,101.6,88.9
"Thalictrum dioicum",2021-05-07,"BI","B6","2","1",1,"Claire","","6",2,36.83,73.66,27.94,99.06,101.6,88.9
"Thalictrum dioicum",2021-05-07,"BI","B6","2","2",3,"Claire","","6",2,36.83,73.66,27.94,99.06,101.6,88.9
"Thalictrum dioicum",2021-05-07,"BI","B6","2","3",3,"Claire","","6",2,36.83,73.66,27.94,99.06,101.6,88.9
"Thalictrum dioicum",2021-05-07,"BI","B6","2","4",4,"Claire","","6",2,36.83,73.66,27.94,99.06,101.6,88.9
"Thalictrum dioicum",2021-05-07,"BI","B6","2","5",3,"Claire","","6",2,36.83,73.66,27.94,99.06,101.6,88.9
"Thalictrum dioicum",2021-05-07,"BI","B6","2","6",1,"Claire","","6",2,36.83,73.66,27.94,99.06,101.6,88.9
"Thalictrum dioicum",2021-05-07,"BI","B6","2","7",1,"Claire","","6",2,36.83,73.66,27.94,99.06,101.6,88.9
"Thalictrum dioicum",2021-05-07,"BI","B6","2","8",6,"Claire","","6",2,36.83,73.66,27.94,99.06,101.6,88.9
"Thalictrum dioicum",2021-05-07,"BI","B7","1","1",0,"Claire","","7",3,33.02,33.02,30.48,58.42,83.82,129.54
"Thalictrum dioicum",2021-05-07,"BI","B7","1","2",0,"Claire","","7",3,33.02,33.02,30.48,58.42,83.82,129.54
"Thalictrum dioicum",2021-05-07,"BI","B7","1","3",5,"Claire","","7",3,33.02,33.02,30.48,58.42,83.82,129.54
"Thalictrum dioicum",2021-05-07,"BI","B7","1","4",0,"Claire","","7",3,33.02,33.02,30.48,58.42,83.82,129.54
"Thalictrum dioicum",2021-05-07,"BI","B7","1","5",0,"Claire","","7",3,33.02,33.02,30.48,58.42,83.82,129.54
"Thalictrum dioicum",2021-05-07,"BI","B7","1","6",1,"Claire","","7",3,33.02,33.02,30.48,58.42,83.82,129.54
"Thalictrum dioicum",2021-05-07,"BI","B7","1","7",0,"Claire","","7",3,33.02,33.02,30.48,58.42,83.82,129.54
"Thalictrum dioicum",2021-05-07,"BI","B7","2","1",1,"Claire","","7",3,33.02,33.02,30.48,58.42,83.82,129.54
"Thalictrum dioicum",2021-05-07,"BI","B7","2","2",0,"Claire","","7",3,33.02,33.02,30.48,58.42,83.82,129.54
"Thalictrum dioicum",2021-05-07,"BI","B7","2","3",1,"Claire","","7",3,33.02,33.02,30.48,58.42,83.82,129.54
"Thalictrum dioicum",2021-05-07,"BI","B7","2","4",1,"Claire","","7",3,33.02,33.02,30.48,58.42,83.82,129.54
"Thalictrum dioicum",2021-05-07,"BI","B7","2","5",0,"Claire","","7",3,33.02,33.02,30.48,58.42,83.82,129.54
"Thalictrum dioicum",2021-05-07,"BI","B7","2","6",2,"Claire","","7",3,33.02,33.02,30.48,58.42,83.82,129.54
"Thalictrum dioicum",2021-05-07,"BI","B7","2","7",1,"Claire","","7",3,33.02,33.02,30.48,58.42,83.82,129.54
"Thalictrum dioicum",2021-05-07,"BI","B7","2","8",3,"Claire","","7",3,33.02,33.02,30.48,58.42,83.82,129.54
"Thalictrum dioicum",2021-05-07,"BI","B7","2","9",1,"Claire","","7",3,33.02,33.02,30.48,58.42,83.82,129.54
"Thalictrum dioicum",2021-05-07,"BI","B7","2","10",0,"Claire","","7",3,33.02,33.02,30.48,58.42,83.82,129.54
"Thalictrum dioicum",2021-05-07,"BI","B8","1","1",0,"Claire","","8",2,38.1,137.16,182.88,193.04,198.12,330.2
"Thalictrum dioicum",2021-05-07,"BI","B8","1","2",0,"Claire","","8",2,38.1,137.16,182.88,193.04,198.12,330.2
"Thalictrum dioicum",2021-05-07,"BI","B8","1","3",0,"Claire","","8",2,38.1,137.16,182.88,193.04,198.12,330.2
"Thalictrum dioicum",2021-05-07,"BI","B8","1","4",0,"Claire","","8",2,38.1,137.16,182.88,193.04,198.12,330.2
"Thalictrum dioicum",2021-05-07,"BI","B8","1","5",1,"Claire","","8",2,38.1,137.16,182.88,193.04,198.12,330.2
"Thalictrum dioicum",2021-05-07,"BI","B8","1","6",0,"Claire","","8",2,38.1,137.16,182.88,193.04,198.12,330.2
"Thalictrum dioicum",2021-05-07,"BI","B8","1","7",0,"Claire","","8",2,38.1,137.16,182.88,193.04,198.12,330.2
"Thalictrum dioicum",2021-05-07,"BI","B8","2","1",0,"Claire","","8",2,38.1,137.16,182.88,193.04,198.12,330.2
"Thalictrum dioicum",2021-05-07,"BI","B8","2","2",0,"Claire","","8",2,38.1,137.16,182.88,193.04,198.12,330.2
"Thalictrum dioicum",2021-05-07,"BI","B8","2","3",0,"Claire","","8",2,38.1,137.16,182.88,193.04,198.12,330.2
"Thalictrum dioicum",2021-05-07,"BI","B8","2","4",0,"Claire","curly stigmas","8",2,38.1,137.16,182.88,193.04,198.12,330.2
"Thalictrum dioicum",2021-05-07,"BI","B8","2","5",0,"Claire","curly stigmas","8",2,38.1,137.16,182.88,193.04,198.12,330.2
"Thalictrum dioicum",2021-05-07,"BI","B8","2","6",0,"Claire","curly stigmas","8",2,38.1,137.16,182.88,193.04,198.12,330.2
"Thalictrum dioicum",2021-05-07,"BI","B9","1","1",0,"Claire","curly stigmas","9",2,41.91,198.12,208.28,292.1,236.22,256.54
"Thalictrum dioicum",2021-05-07,"BI","B9","1","2",0,"Claire","curly stigmas","9",2,41.91,198.12,208.28,292.1,236.22,256.54
"Thalictrum dioicum",2021-05-07,"BI","B9","1","3",0,"Claire","","9",2,41.91,198.12,208.28,292.1,236.22,256.54
"Thalictrum dioicum",2021-05-07,"BI","B9","1","4",0,"Claire","","9",2,41.91,198.12,208.28,292.1,236.22,256.54
"Thalictrum dioicum",2021-05-07,"BI","B9","1","5",0,"Claire","","9",2,41.91,198.12,208.28,292.1,236.22,256.54
"Thalictrum dioicum",2021-05-07,"BI","B9","1","6",1,"Claire","","9",2,41.91,198.12,208.28,292.1,236.22,256.54
"Thalictrum dioicum",2021-05-07,"BI","B9","1","7",0,"Claire","","9",2,41.91,198.12,208.28,292.1,236.22,256.54
"Thalictrum dioicum",2021-05-07,"BI","B9","1","8",0,"Claire","","9",2,41.91,198.12,208.28,292.1,236.22,256.54
"Thalictrum dioicum",2021-05-07,"BI","B9","1","9",4,"Claire","","9",2,41.91,198.12,208.28,292.1,236.22,256.54
"Thalictrum dioicum",2021-05-07,"BI","B9","1","10",1,"Claire","","9",2,41.91,198.12,208.28,292.1,236.22,256.54
"Thalictrum dioicum",2021-05-07,"BI","B9","2","1",1,"Claire","","9",2,41.91,198.12,208.28,292.1,236.22,256.54
"Thalictrum dioicum",2021-05-07,"BI","B9","2","2",0,"Claire","","9",2,41.91,198.12,208.28,292.1,236.22,256.54
"Thalictrum dioicum",2021-05-07,"BI","B9","2","3",1,"Claire","","9",2,41.91,198.12,208.28,292.1,236.22,256.54
"Thalictrum dioicum",2021-05-07,"BI","B9","2","4",0,"Claire","","9",2,41.91,198.12,208.28,292.1,236.22,256.54
"Thalictrum dioicum",2021-05-07,"BI","B9","2","5",0,"Claire","","9",2,41.91,198.12,208.28,292.1,236.22,256.54
"Thalictrum dioicum",2021-05-07,"BI","B9","2","6",0,"Claire","","9",2,41.91,198.12,208.28,292.1,236.22,256.54
"Thalictrum dioicum",2021-05-07,"BI","B9","2","7",0,"Claire","","9",2,41.91,198.12,208.28,292.1,236.22,256.54
"Thalictrum dioicum",2021-05-17,"BI","BB1","1","1",2,"Claire","","1",4,20.5,37,117,115,80,143
"Thalictrum dioicum",2021-05-17,"BI","BB1","1","2",0,"Claire","","1",4,20.5,37,117,115,80,143
"Thalictrum dioicum",2021-05-17,"BI","BB1","1","3",8,"Claire","","1",4,20.5,37,117,115,80,143
"Thalictrum dioicum",2021-05-17,"BI","BB1","1","4",3,"Claire","","1",4,20.5,37,117,115,80,143
"Thalictrum dioicum",2021-05-17,"BI","BB1","1","5",2,"Claire","","1",4,20.5,37,117,115,80,143
"Thalictrum dioicum",2021-05-17,"BI","BB1","1","6",4,"Claire","","1",4,20.5,37,117,115,80,143
"Thalictrum dioicum",2021-05-17,"BI","BB1","1","7",2,"Claire","","1",4,20.5,37,117,115,80,143
"Thalictrum dioicum",2021-05-17,"BI","BB1","1","8",4,"Claire","","1",4,20.5,37,117,115,80,143
"Thalictrum dioicum",2021-05-17,"BI","BB1","1","9",3,"Claire","","1",4,20.5,37,117,115,80,143
"Thalictrum dioicum",2021-05-17,"BI","BB1","1","10",1,"Claire","","1",4,20.5,37,117,115,80,143
"Thalictrum dioicum",2021-05-17,"BI","BB1","1","11",7,"Claire","","1",4,20.5,37,117,115,80,143
"Thalictrum dioicum",2021-05-17,"BI","BB1","1","12",1,"Claire","","1",4,20.5,37,117,115,80,143
"Thalictrum dioicum",2021-05-17,"BI","BB1","1","13",2,"Claire","","1",4,20.5,37,117,115,80,143
"Thalictrum dioicum",2021-05-17,"BI","BB1","1","14",2,"Claire","","1",4,20.5,37,117,115,80,143
"Thalictrum dioicum",2021-05-17,"BI","BB1","1","15",0,"Claire","","1",4,20.5,37,117,115,80,143
"Thalictrum dioicum",2021-05-17,"BI","BB10","1","9",4,"Claire","","10",5,14.5,24,43,22,29,37
"Thalictrum dioicum",2021-05-17,"BI","BB10","1","1",8,"Claire","","10",5,14.5,24,43,22,29,37
"Thalictrum dioicum",2021-05-17,"BI","BB10","1","2",15,"Claire","","10",5,14.5,24,43,22,29,37
"Thalictrum dioicum",2021-05-17,"BI","BB10","1","3",11,"Claire","","10",5,14.5,24,43,22,29,37
"Thalictrum dioicum",2021-05-17,"BI","BB10","1","4",9,"Claire","","10",5,14.5,24,43,22,29,37
"Thalictrum dioicum",2021-05-17,"BI","BB10","1","5",15,"Claire","","10",5,14.5,24,43,22,29,37
"Thalictrum dioicum",2021-05-17,"BI","BB11","1","1",13,"Claire","","11",5,19.5,38,39,46,18,33
"Thalictrum dioicum",2021-05-17,"BI","BB11","1","2",15,"Claire","","11",5,19.5,38,39,46,18,33
"Thalictrum dioicum",2021-05-17,"BI","BB11","1","3",12,"Claire","","11",5,19.5,38,39,46,18,33
"Thalictrum dioicum",2021-05-17,"BI","BB11","1","4",12,"Claire","","11",5,19.5,38,39,46,18,33
"Thalictrum dioicum",2021-05-17,"BI","BB11","1","5",14,"Claire","","11",5,19.5,38,39,46,18,33
"Thalictrum dioicum",2021-05-17,"BI","BB11","1","6",16,"Claire","","11",5,19.5,38,39,46,18,33
"Thalictrum dioicum",2021-05-17,"BI","BB11","1","7",15,"Claire","","11",5,19.5,38,39,46,18,33
"Thalictrum dioicum",2021-05-17,"BI","BB12","1","1",9,"Claire","","12",5,31,9,8,9,23,21
"Thalictrum dioicum",2021-05-17,"BI","BB12","1","2",7,"Claire","","12",5,31,9,8,9,23,21
"Thalictrum dioicum",2021-05-17,"BI","BB12","1","3",9,"Claire","","12",5,31,9,8,9,23,21
"Thalictrum dioicum",2021-05-17,"BI","BB12","1","4",8,"Claire","","12",5,31,9,8,9,23,21
"Thalictrum dioicum",2021-05-17,"BI","BB12","1","5",8,"Claire","","12",5,31,9,8,9,23,21
"Thalictrum dioicum",2021-05-17,"BI","BB12","1","6",3,"Claire","","12",5,31,9,8,9,23,21
"Thalictrum dioicum",2021-05-17,"BI","BB12","1","7",11,"Claire","","12",5,31,9,8,9,23,21
"Thalictrum dioicum",2021-05-17,"BI","BB12","1","8",6,"Claire","","12",5,31,9,8,9,23,21
"Thalictrum dioicum",2021-05-17,"BI","BB12","1","9",8,"Claire","","12",5,31,9,8,9,23,21
"Thalictrum dioicum",2021-05-17,"BI","BB13","1","1",13,"Claire","","13",5,25.5,49,56,58,70,58
"Thalictrum dioicum",2021-05-17,"BI","BB13","1","2",4,"Claire","","13",5,25.5,49,56,58,70,58
"Thalictrum dioicum",2021-05-17,"BI","BB13","1","3",15,"Claire","","13",5,25.5,49,56,58,70,58
"Thalictrum dioicum",2021-05-17,"BI","BB13","1","4",6,"Claire","","13",5,25.5,49,56,58,70,58
"Thalictrum dioicum",2021-05-17,"BI","BB13","1","5",11,"Claire","","13",5,25.5,49,56,58,70,58
"Thalictrum dioicum",2021-05-17,"BI","BB13","1","6",15,"Claire","","13",5,25.5,49,56,58,70,58
"Thalictrum dioicum",2021-05-17,"BI","BB13","1","7",13,"Claire","","13",5,25.5,49,56,58,70,58
"Thalictrum dioicum",2021-05-17,"BI","BB13","1","8",20,"Claire","","13",5,25.5,49,56,58,70,58
"Thalictrum dioicum",2021-05-17,"BI","BB13","1","9",11,"Claire","","13",5,25.5,49,56,58,70,58
"Thalictrum dioicum",2021-05-17,"BI","BB14","1","1",26,"Claire","","14",5,21.5,11,9,13,14,20
"Thalictrum dioicum",2021-05-17,"BI","BB14","1","2",29,"Claire","","14",5,21.5,11,9,13,14,20
"Thalictrum dioicum",2021-05-17,"BI","BB14","1","3",30,"Claire","","14",5,21.5,11,9,13,14,20
"Thalictrum dioicum",2021-05-17,"BI","BB14","1","4",21,"Claire","","14",5,21.5,11,9,13,14,20
"Thalictrum dioicum",2021-05-17,"BI","BB14","1","5",26,"Claire","","14",5,21.5,11,9,13,14,20
"Thalictrum dioicum",2021-05-17,"BI","BB14","1","6",26,"Claire","","14",5,21.5,11,9,13,14,20
"Thalictrum dioicum",2021-05-17,"BI","BB14","1","7",25,"Claire","","14",5,21.5,11,9,13,14,20
"Thalictrum dioicum",2021-05-17,"BI","BB14","1","8",26,"Claire","","14",5,21.5,11,9,13,14,20
"Thalictrum dioicum",2021-05-17,"BI","BB16","1","1",33,"Claire","","16",5,19,20,26,16,26,34
"Thalictrum dioicum",2021-05-17,"BI","BB16","1","2",35,"Claire","","16",5,19,20,26,16,26,34
"Thalictrum dioicum",2021-05-17,"BI","BB16","1","3",29,"Claire","","16",5,19,20,26,16,26,34
"Thalictrum dioicum",2021-05-17,"BI","BB16","1","4",37,"Claire","","16",5,19,20,26,16,26,34
"Thalictrum dioicum",2021-05-17,"BI","BB16","1","5",32,"Claire","","16",5,19,20,26,16,26,34
"Thalictrum dioicum",2021-05-17,"BI","BB16","1","6",36,"Claire","","16",5,19,20,26,16,26,34
"Thalictrum dioicum",2021-05-17,"BI","BB16","1","7",26,"Claire","","16",5,19,20,26,16,26,34
"Thalictrum dioicum",2021-05-17,"BI","BB16","1","8",31,"Claire","","16",5,19,20,26,16,26,34
"Thalictrum dioicum",2021-05-17,"BI","BB16","1","9",32,"Claire","","16",5,19,20,26,16,26,34
"Thalictrum dioicum",2021-05-17,"BI","BB17","1","1",7,"Claire","","17",5,19.5,33,34,24,49,56
"Thalictrum dioicum",2021-05-17,"BI","BB17","1","2",19,"Claire","","17",5,19.5,33,34,24,49,56
"Thalictrum dioicum",2021-05-17,"BI","BB17","1","3",12,"Claire","","17",5,19.5,33,34,24,49,56
"Thalictrum dioicum",2021-05-17,"BI","BB17","1","4",18,"Claire","","17",5,19.5,33,34,24,49,56
"Thalictrum dioicum",2021-05-17,"BI","BB17","1","5",16,"Claire","","17",5,19.5,33,34,24,49,56
"Thalictrum dioicum",2021-05-17,"BI","BB17","1","6",23,"Claire","","17",5,19.5,33,34,24,49,56
"Thalictrum dioicum",2021-05-17,"BI","BB17","1","7",12,"Claire","","17",5,19.5,33,34,24,49,56
"Thalictrum dioicum",2021-05-17,"BI","BB17","1","8",16,"Claire","","17",5,19.5,33,34,24,49,56
"Thalictrum dioicum",2021-05-17,"BI","BB18","1","1",24,"Claire","","18",5,21,14,8,42,43,46
"Thalictrum dioicum",2021-05-17,"BI","BB18","1","2",39,"Claire","","18",5,21,14,8,42,43,46
"Thalictrum dioicum",2021-05-17,"BI","BB18","1","3",19,"Claire","","18",5,21,14,8,42,43,46
"Thalictrum dioicum",2021-05-17,"BI","BB18","1","4",23,"Claire","","18",5,21,14,8,42,43,46
"Thalictrum dioicum",2021-05-17,"BI","BB18","1","5",15,"Claire","","18",5,21,14,8,42,43,46
"Thalictrum dioicum",2021-05-17,"BI","BB18","1","6",28,"Claire","","18",5,21,14,8,42,43,46
"Thalictrum dioicum",2021-05-17,"BI","BB18","1","7",26,"Claire","","18",5,21,14,8,42,43,46
"Thalictrum dioicum",2021-05-17,"BI","BB19","1","1",27,"Claire","","19",5,26,2,22,50,70,74
"Thalictrum dioicum",2021-05-17,"BI","BB19","1","2",39,"Claire","","19",5,26,2,22,50,70,74
"Thalictrum dioicum",2021-05-17,"BI","BB19","1","3",26,"Claire","","19",5,26,2,22,50,70,74
"Thalictrum dioicum",2021-05-17,"BI","BB19","1","4",22,"Claire","","19",5,26,2,22,50,70,74
"Thalictrum dioicum",2021-05-17,"BI","BB19","1","5",27,"Claire","","19",5,26,2,22,50,70,74
"Thalictrum dioicum",2021-05-17,"BI","BB19","1","6",37,"Claire","","19",5,26,2,22,50,70,74
"Thalictrum dioicum",2021-05-17,"BI","BB19","1","7",17,"Claire","","19",5,26,2,22,50,70,74
"Thalictrum dioicum",2021-05-17,"BI","BB19","1","8",31,"Claire","","19",5,26,2,22,50,70,74
"Thalictrum dioicum",2021-05-17,"BI","BB2","1","1",3,"Claire","","2",3,10.5,17,52,31,49,50
"Thalictrum dioicum",2021-05-17,"BI","BB2","1","2",2,"Claire","","2",3,10.5,17,52,31,49,50
"Thalictrum dioicum",2021-05-17,"BI","BB2","1","3",2,"Claire","","2",3,10.5,17,52,31,49,50
"Thalictrum dioicum",2021-05-17,"BI","BB2","1","4",3,"Claire","","2",3,10.5,17,52,31,49,50
"Thalictrum dioicum",2021-05-17,"BI","BB2","1","5",0,"Claire","","2",3,10.5,17,52,31,49,50
"Thalictrum dioicum",2021-05-17,"BI","BB2","1","6",2,"Claire","","2",3,10.5,17,52,31,49,50
"Thalictrum dioicum",2021-05-17,"BI","BB2","1","7",1,"Claire","","2",3,10.5,17,52,31,49,50
"Thalictrum dioicum",2021-05-17,"BI","BB2","1","8",3,"Claire","","2",3,10.5,17,52,31,49,50
"Thalictrum dioicum",2021-05-17,"BI","BB2","1","9",4,"Claire","","2",3,10.5,17,52,31,49,50
"Thalictrum dioicum",2021-05-17,"BI","BB20","1","1",6,"Claire","","20",5,25.5,18,19,28,42,41
"Thalictrum dioicum",2021-05-17,"BI","BB20","1","2",2,"Claire","","20",5,25.5,18,19,28,42,41
"Thalictrum dioicum",2021-05-17,"BI","BB20","1","3",9,"Claire","","20",5,25.5,18,19,28,42,41
"Thalictrum dioicum",2021-05-17,"BI","BB20","1","4",11,"Claire","","20",5,25.5,18,19,28,42,41
"Thalictrum dioicum",2021-05-17,"BI","BB20","1","5",14,"Claire","","20",5,25.5,18,19,28,42,41
"Thalictrum dioicum",2021-05-17,"BI","BB20","1","6",10,"Claire","","20",5,25.5,18,19,28,42,41
"Thalictrum dioicum",2021-05-17,"BI","BB20","1","7",7,"Claire","","20",5,25.5,18,19,28,42,41
"Thalictrum dioicum",2021-05-17,"BI","BB20","1","8",6,"Claire","","20",5,25.5,18,19,28,42,41
"Thalictrum dioicum",2021-05-17,"BI","BB20","1","9",7,"Claire","","20",5,25.5,18,19,28,42,41
"Thalictrum dioicum",2021-05-17,"BI","BB20","2","1",7,"Claire","","20",5,25.5,18,19,28,42,41
"Thalictrum dioicum",2021-05-17,"BI","BB20","2","2",6,"Claire","","20",5,25.5,18,19,28,42,41
"Thalictrum dioicum",2021-05-17,"BI","BB20","2","3",6,"Claire","","20",5,25.5,18,19,28,42,41
"Thalictrum dioicum",2021-05-17,"BI","BB20","2","4",12,"Claire","","20",5,25.5,18,19,28,42,41
"Thalictrum dioicum",2021-05-17,"BI","BB20","2","5",6,"Claire","","20",5,25.5,18,19,28,42,41
"Thalictrum dioicum",2021-05-17,"BI","BB20","2","6",7,"Claire","","20",5,25.5,18,19,28,42,41
"Thalictrum dioicum",2021-05-17,"BI","BB20","2","7",5,"Claire","","20",5,25.5,18,19,28,42,41
"Thalictrum dioicum",2021-05-17,"BI","BB20","2","8",4,"Claire","","20",5,25.5,18,19,28,42,41
"Thalictrum dioicum",2021-05-17,"BI","BB20","2","9",4,"Claire","","20",5,25.5,18,19,28,42,41
"Thalictrum dioicum",2021-05-17,"BI","BB20","2","10",6,"Claire","","20",5,25.5,18,19,28,42,41
"Thalictrum dioicum",2021-05-17,"BI","BB20","2","11",1,"Claire","","20",5,25.5,18,19,28,42,41
"Thalictrum dioicum",2021-05-17,"BI","BB20","2","12",7,"Claire","","20",5,25.5,18,19,28,42,41
"Thalictrum dioicum",2021-05-17,"BI","BB21","1","1",3,"Claire","","21",5,27.5,13,152,152,172,175
"Thalictrum dioicum",2021-05-17,"BI","BB21","1","2",1,"Claire","","21",5,27.5,13,152,152,172,175
"Thalictrum dioicum",2021-05-17,"BI","BB21","1","3",2,"Claire","","21",5,27.5,13,152,152,172,175
"Thalictrum dioicum",2021-05-17,"BI","BB21","1","4",0,"Claire","","21",5,27.5,13,152,152,172,175
"Thalictrum dioicum",2021-05-17,"BI","BB21","1","5",0,"Claire","","21",5,27.5,13,152,152,172,175
"Thalictrum dioicum",2021-05-17,"BI","BB21","1","6",1,"Claire","","21",5,27.5,13,152,152,172,175
"Thalictrum dioicum",2021-05-17,"BI","BB21","1","7",1,"Claire","","21",5,27.5,13,152,152,172,175
"Thalictrum dioicum",2021-05-17,"BI","BB21","1","8",0,"Claire","","21",5,27.5,13,152,152,172,175
"Thalictrum dioicum",2021-05-17,"BI","BB21","2","1",0,"Claire","","21",5,27.5,13,152,152,172,175
"Thalictrum dioicum",2021-05-17,"BI","BB21","2","2",0,"Claire","","21",5,27.5,13,152,152,172,175
"Thalictrum dioicum",2021-05-17,"BI","BB21","2","3",1,"Claire","","21",5,27.5,13,152,152,172,175
"Thalictrum dioicum",2021-05-17,"BI","BB21","2","4",2,"Claire","","21",5,27.5,13,152,152,172,175
"Thalictrum dioicum",2021-05-17,"BI","BB21","2","5",1,"Claire","","21",5,27.5,13,152,152,172,175
"Thalictrum dioicum",2021-05-17,"BI","BB21","2","6",2,"Claire","","21",5,27.5,13,152,152,172,175
"Thalictrum dioicum",2021-05-17,"BI","BB21","2","7",1,"Claire","","21",5,27.5,13,152,152,172,175
"Thalictrum dioicum",2021-05-17,"BI","BB21","2","8",3,"Claire","","21",5,27.5,13,152,152,172,175
"Thalictrum dioicum",2021-05-17,"BI","BB21","2","9",0,"Claire","","21",5,27.5,13,152,152,172,175
"Thalictrum dioicum",2021-05-17,"BI","BB21","2","10",2,"Claire","","21",5,27.5,13,152,152,172,175
"Thalictrum dioicum",2021-05-17,"BI","BB22","1","1",0,"Claire","","22",5,24.5,50,36,70,140,140
"Thalictrum dioicum",2021-05-17,"BI","BB22","1","2",0,"Claire","","22",5,24.5,50,36,70,140,140
"Thalictrum dioicum",2021-05-17,"BI","BB22","1","3",0,"Claire","","22",5,24.5,50,36,70,140,140
"Thalictrum dioicum",2021-05-17,"BI","BB22","1","4",0,"Claire","","22",5,24.5,50,36,70,140,140
"Thalictrum dioicum",2021-05-17,"BI","BB22","1","5",1,"Claire","","22",5,24.5,50,36,70,140,140
"Thalictrum dioicum",2021-05-17,"BI","BB22","1","6",1,"Claire","","22",5,24.5,50,36,70,140,140
"Thalictrum dioicum",2021-05-17,"BI","BB22","1","7",0,"Claire","","22",5,24.5,50,36,70,140,140
"Thalictrum dioicum",2021-05-17,"BI","BB22","1","8",0,"Claire","","22",5,24.5,50,36,70,140,140
"Thalictrum dioicum",2021-05-17,"BI","BB22","1","9",0,"Claire","","22",5,24.5,50,36,70,140,140
"Thalictrum dioicum",2021-05-17,"BI","BB22","1","10",0,"Claire","","22",5,24.5,50,36,70,140,140
"Thalictrum dioicum",2021-05-17,"BI","BB22","1","11",2,"Claire","","22",5,24.5,50,36,70,140,140
"Thalictrum dioicum",2021-05-17,"BI","BB22","2","1",0,"Claire","","22",5,24.5,50,36,70,140,140
"Thalictrum dioicum",2021-05-17,"BI","BB22","2","2",1,"Claire","","22",5,24.5,50,36,70,140,140
"Thalictrum dioicum",2021-05-17,"BI","BB22","2","3",0,"Claire","","22",5,24.5,50,36,70,140,140
"Thalictrum dioicum",2021-05-17,"BI","BB22","2","4",0,"Claire","","22",5,24.5,50,36,70,140,140
"Thalictrum dioicum",2021-05-17,"BI","BB22","2","5",0,"Claire","","22",5,24.5,50,36,70,140,140
"Thalictrum dioicum",2021-05-17,"BI","BB22","2","6",1,"Claire","","22",5,24.5,50,36,70,140,140
"Thalictrum dioicum",2021-05-17,"BI","BB22","2","7",0,"Claire","","22",5,24.5,50,36,70,140,140
"Thalictrum dioicum",2021-05-17,"BI","BB22","2","8",0,"Claire","","22",5,24.5,50,36,70,140,140
"Thalictrum dioicum",2021-05-17,"BI","BB22","2","9",0,"Claire","","22",5,24.5,50,36,70,140,140
"Thalictrum dioicum",2021-05-17,"BI","BB22","2","10",0,"Claire","","22",5,24.5,50,36,70,140,140
"Thalictrum dioicum",2021-05-17,"BI","BB22","2","11",0,"Claire","","22",5,24.5,50,36,70,140,140
"Thalictrum dioicum",2021-05-17,"BI","BB23","1","1",13,"Claire","","23",5,18,90,93,111,125,128
"Thalictrum dioicum",2021-05-17,"BI","BB23","1","2",2,"Claire","","23",5,18,90,93,111,125,128
"Thalictrum dioicum",2021-05-17,"BI","BB23","1","3",5,"Claire","","23",5,18,90,93,111,125,128
"Thalictrum dioicum",2021-05-17,"BI","BB23","1","4",6,"Claire","","23",5,18,90,93,111,125,128
"Thalictrum dioicum",2021-05-17,"BI","BB23","1","5",3,"Claire","","23",5,18,90,93,111,125,128
"Thalictrum dioicum",2021-05-17,"BI","BB23","1","6",4,"Claire","","23",5,18,90,93,111,125,128
"Thalictrum dioicum",2021-05-17,"BI","BB23","1","7",5,"Claire","","23",5,18,90,93,111,125,128
"Thalictrum dioicum",2021-05-17,"BI","BB23","1","8",6,"Claire","","23",5,18,90,93,111,125,128
"Thalictrum dioicum",2021-05-17,"BI","BB23","2","1",3,"Claire","","23",5,18,90,93,111,125,128
"Thalictrum dioicum",2021-05-17,"BI","BB23","2","2",3,"Claire","","23",5,18,90,93,111,125,128
"Thalictrum dioicum",2021-05-17,"BI","BB23","2","3",4,"Claire","","23",5,18,90,93,111,125,128
"Thalictrum dioicum",2021-05-17,"BI","BB23","2","4",2,"Claire","","23",5,18,90,93,111,125,128
"Thalictrum dioicum",2021-05-17,"BI","BB23","2","5",6,"Claire","","23",5,18,90,93,111,125,128
"Thalictrum dioicum",2021-05-17,"BI","BB23","2","6",1,"Claire","","23",5,18,90,93,111,125,128
"Thalictrum dioicum",2021-05-17,"BI","BB23","2","7",2,"Claire","","23",5,18,90,93,111,125,128
"Thalictrum dioicum",2021-05-17,"BI","BB23","2","8",3,"Claire","","23",5,18,90,93,111,125,128
"Thalictrum dioicum",2021-05-17,"BI","BB23","2","9",2,"Claire","","23",5,18,90,93,111,125,128
"Thalictrum dioicum",2021-05-17,"BI","BB24","1","1",1,"Claire","","24",5,24,23,38,26,26,31
"Thalictrum dioicum",2021-05-17,"BI","BB24","1","2",8,"Claire","","24",5,24,23,38,26,26,31
"Thalictrum dioicum",2021-05-17,"BI","BB24","1","3",1,"Claire","","24",5,24,23,38,26,26,31
"Thalictrum dioicum",2021-05-17,"BI","BB24","1","4",5,"Claire","","24",5,24,23,38,26,26,31
"Thalictrum dioicum",2021-05-17,"BI","BB24","1","5",6,"Claire","","24",5,24,23,38,26,26,31
"Thalictrum dioicum",2021-05-17,"BI","BB24","1","6",1,"Claire","","24",5,24,23,38,26,26,31
"Thalictrum dioicum",2021-05-17,"BI","BB24","1","7",1,"Claire","","24",5,24,23,38,26,26,31
"Thalictrum dioicum",2021-05-17,"BI","BB24","1","8",2,"Claire","","24",5,24,23,38,26,26,31
"Thalictrum dioicum",2021-05-17,"BI","BB24","1","9",1,"Claire","","24",5,24,23,38,26,26,31
"Thalictrum dioicum",2021-05-17,"BI","BB24","1","10",3,"Claire","","24",5,24,23,38,26,26,31
"Thalictrum dioicum",2021-05-17,"BI","BB24","1","11",3,"Claire","","24",5,24,23,38,26,26,31
"Thalictrum dioicum",2021-05-17,"BI","BB24","1","12",3,"Claire","","24",5,24,23,38,26,26,31
"Thalictrum dioicum",2021-05-17,"BI","BB24","2","1",13,"Claire","","24",5,24,23,38,26,26,31
"Thalictrum dioicum",2021-05-17,"BI","BB24","2","2",4,"Claire","","24",5,24,23,38,26,26,31
"Thalictrum dioicum",2021-05-17,"BI","BB24","2","3",2,"Claire","","24",5,24,23,38,26,26,31
"Thalictrum dioicum",2021-05-17,"BI","BB24","2","4",6,"Claire","","24",5,24,23,38,26,26,31
"Thalictrum dioicum",2021-05-17,"BI","BB24","2","5",6,"Claire","","24",5,24,23,38,26,26,31
"Thalictrum dioicum",2021-05-17,"BI","BB24","2","6",4,"Claire","","24",5,24,23,38,26,26,31
"Thalictrum dioicum",2021-05-17,"BI","BB24","2","7",8,"Claire","young flower?","24",5,24,23,38,26,26,31
"Thalictrum dioicum",2021-05-17,"BI","BB25","1","1",9,"Claire","young flower?","25",5,19.5,19,31,35,39,38
"Thalictrum dioicum",2021-05-17,"BI","BB25","1","2",4,"Claire","young flower?","25",5,19.5,19,31,35,39,38
"Thalictrum dioicum",2021-05-17,"BI","BB25","1","3",5,"Claire","young flower?","25",5,19.5,19,31,35,39,38
"Thalictrum dioicum",2021-05-17,"BI","BB25","1","4",3,"Claire","young flower?","25",5,19.5,19,31,35,39,38
"Thalictrum dioicum",2021-05-17,"BI","BB25","1","5",8,"Claire","young flower?","25",5,19.5,19,31,35,39,38
"Thalictrum dioicum",2021-05-17,"BI","BB25","1","6",15,"Claire","young flower?","25",5,19.5,19,31,35,39,38
"Thalictrum dioicum",2021-05-17,"BI","BB25","1","7",2,"Claire","young flower?","25",5,19.5,19,31,35,39,38
"Thalictrum dioicum",2021-05-17,"BI","BB25","1","8",10,"Claire","young flower?","25",5,19.5,19,31,35,39,38
"Thalictrum dioicum",2021-05-17,"BI","BB25","1","9",5,"Claire","","25",5,19.5,19,31,35,39,38
"Thalictrum dioicum",2021-05-17,"BI","BB25","2","1",3,"Claire","","25",5,19.5,19,31,35,39,38
"Thalictrum dioicum",2021-05-17,"BI","BB25","2","2",3,"Claire","","25",5,19.5,19,31,35,39,38
"Thalictrum dioicum",2021-05-17,"BI","BB25","2","3",6,"Claire","","25",5,19.5,19,31,35,39,38
"Thalictrum dioicum",2021-05-17,"BI","BB25","2","4",7,"Claire","","25",5,19.5,19,31,35,39,38
"Thalictrum dioicum",2021-05-17,"BI","BB25","2","5",8,"Claire","","25",5,19.5,19,31,35,39,38
"Thalictrum dioicum",2021-05-17,"BI","BB25","2","6",9,"Claire","","25",5,19.5,19,31,35,39,38
"Thalictrum dioicum",2021-05-17,"BI","BB25","2","7",4,"Claire","","25",5,19.5,19,31,35,39,38
"Thalictrum dioicum",2021-05-17,"BI","BB25","2","8",6,"Claire","","25",5,19.5,19,31,35,39,38
"Thalictrum dioicum",2021-05-17,"BI","BB25","2","9",5,"Claire","","25",5,19.5,19,31,35,39,38
"Thalictrum dioicum",2021-05-17,"BI","BB26","1","1",2,"Claire","","26",5,22,9,24,40,60,18
"Thalictrum dioicum",2021-05-17,"BI","BB26","1","2",3,"Claire","","26",5,22,9,24,40,60,18
"Thalictrum dioicum",2021-05-17,"BI","BB26","1","3",3,"Claire","","26",5,22,9,24,40,60,18
"Thalictrum dioicum",2021-05-17,"BI","BB26","1","4",1,"Claire","","26",5,22,9,24,40,60,18
"Thalictrum dioicum",2021-05-17,"BI","BB26","1","5",2,"Claire","","26",5,22,9,24,40,60,18
"Thalictrum dioicum",2021-05-17,"BI","BB26","1","6",3,"Claire","","26",5,22,9,24,40,60,18
"Thalictrum dioicum",2021-05-17,"BI","BB26","1","7",4,"Claire","","26",5,22,9,24,40,60,18
"Thalictrum dioicum",2021-05-17,"BI","BB26","1","8",4,"Claire","","26",5,22,9,24,40,60,18
"Thalictrum dioicum",2021-05-17,"BI","BB26","1","9",0,"Claire","","26",5,22,9,24,40,60,18
"Thalictrum dioicum",2021-05-17,"BI","BB26","1","10",1,"Claire","","26",5,22,9,24,40,60,18
"Thalictrum dioicum",2021-05-17,"BI","BB26","1","11",2,"Claire","","26",5,22,9,24,40,60,18
"Thalictrum dioicum",2021-05-17,"BI","BB26","2","1",1,"Claire","","26",5,22,9,24,40,60,18
"Thalictrum dioicum",2021-05-17,"BI","BB26","2","2",2,"Claire","","26",5,22,9,24,40,60,18
"Thalictrum dioicum",2021-05-17,"BI","BB26","2","3",0,"Claire","","26",5,22,9,24,40,60,18
"Thalictrum dioicum",2021-05-17,"BI","BB26","2","4",0,"Claire","","26",5,22,9,24,40,60,18
"Thalictrum dioicum",2021-05-17,"BI","BB26","2","5",0,"Claire","","26",5,22,9,24,40,60,18
"Thalictrum dioicum",2021-05-17,"BI","BB26","2","6",2,"Claire","","26",5,22,9,24,40,60,18
"Thalictrum dioicum",2021-05-17,"BI","BB26","2","7",0,"Claire","","26",5,22,9,24,40,60,18
"Thalictrum dioicum",2021-05-17,"BI","BB26","2","8",2,"Claire","","26",5,22,9,24,40,60,18
"Thalictrum dioicum",2021-05-17,"BI","BB26","2","9",5,"Claire","","26",5,22,9,24,40,60,18
"Thalictrum dioicum",2021-05-17,"BI","BB27","1","1",0,"Claire","","27",5,21,6,9,15,23,23
"Thalictrum dioicum",2021-05-17,"BI","BB27","1","2",1,"Claire","","27",5,21,6,9,15,23,23
"Thalictrum dioicum",2021-05-17,"BI","BB27","1","3",2,"Claire","","27",5,21,6,9,15,23,23
"Thalictrum dioicum",2021-05-17,"BI","BB27","1","4",1,"Claire","","27",5,21,6,9,15,23,23
"Thalictrum dioicum",2021-05-17,"BI","BB27","1","5",2,"Claire","","27",5,21,6,9,15,23,23
"Thalictrum dioicum",2021-05-17,"BI","BB27","1","6",4,"Claire","","27",5,21,6,9,15,23,23
"Thalictrum dioicum",2021-05-17,"BI","BB27","1","7",8,"Claire","","27",5,21,6,9,15,23,23
"Thalictrum dioicum",2021-05-17,"BI","BB27","1","8",3,"Claire","","27",5,21,6,9,15,23,23
"Thalictrum dioicum",2021-05-17,"BI","BB27","1","9",2,"Claire","","27",5,21,6,9,15,23,23
"Thalictrum dioicum",2021-05-17,"BI","BB27","2","1",1,"Claire","","27",5,21,6,9,15,23,23
"Thalictrum dioicum",2021-05-17,"BI","BB27","2","2",1,"Claire","","27",5,21,6,9,15,23,23
"Thalictrum dioicum",2021-05-17,"BI","BB27","2","3",0,"Claire","","27",5,21,6,9,15,23,23
"Thalictrum dioicum",2021-05-17,"BI","BB27","2","4",2,"Claire","","27",5,21,6,9,15,23,23
"Thalictrum dioicum",2021-05-17,"BI","BB27","2","5",1,"Claire","","27",5,21,6,9,15,23,23
"Thalictrum dioicum",2021-05-17,"BI","BB27","2","6",4,"Claire","","27",5,21,6,9,15,23,23
"Thalictrum dioicum",2021-05-17,"BI","BB27","2","7",0,"Claire","","27",5,21,6,9,15,23,23
"Thalictrum dioicum",2021-05-17,"BI","BB27","2","8",0,"Claire","","27",5,21,6,9,15,23,23
"Thalictrum dioicum",2021-05-17,"BI","BB28","1","1",1,"Claire","","28",5,34,23,41,56,62,41
"Thalictrum dioicum",2021-05-17,"BI","BB28","1","2",4,"Claire","","28",5,34,23,41,56,62,41
"Thalictrum dioicum",2021-05-17,"BI","BB28","1","3",1,"Claire","","28",5,34,23,41,56,62,41
"Thalictrum dioicum",2021-05-17,"BI","BB28","1","4",3,"Claire","","28",5,34,23,41,56,62,41
"Thalictrum dioicum",2021-05-17,"BI","BB28","1","5",1,"Claire","","28",5,34,23,41,56,62,41
"Thalictrum dioicum",2021-05-17,"BI","BB28","1","6",2,"Claire","","28",5,34,23,41,56,62,41
"Thalictrum dioicum",2021-05-17,"BI","BB28","1","7",6,"Claire","","28",5,34,23,41,56,62,41
"Thalictrum dioicum",2021-05-17,"BI","BB28","1","8",2,"Claire","","28",5,34,23,41,56,62,41
"Thalictrum dioicum",2021-05-17,"BI","BB28","1","9",1,"Claire","","28",5,34,23,41,56,62,41
"Thalictrum dioicum",2021-05-17,"BI","BB28","1","10",2,"Claire","","28",5,34,23,41,56,62,41
"Thalictrum dioicum",2021-05-17,"BI","BB28","2","1",7,"Claire","","28",5,34,23,41,56,62,41
"Thalictrum dioicum",2021-05-17,"BI","BB28","2","2",0,"Claire","","28",5,34,23,41,56,62,41
"Thalictrum dioicum",2021-05-17,"BI","BB28","2","3",5,"Claire","","28",5,34,23,41,56,62,41
"Thalictrum dioicum",2021-05-17,"BI","BB28","2","4",4,"Claire","","28",5,34,23,41,56,62,41
"Thalictrum dioicum",2021-05-17,"BI","BB28","2","5",3,"Claire","","28",5,34,23,41,56,62,41
"Thalictrum dioicum",2021-05-17,"BI","BB28","2","6",3,"Claire","","28",5,34,23,41,56,62,41
"Thalictrum dioicum",2021-05-17,"BI","BB28","2","7",5,"Claire","","28",5,34,23,41,56,62,41
"Thalictrum dioicum",2021-05-17,"BI","BB28","2","8",5,"Claire","","28",5,34,23,41,56,62,41
"Thalictrum dioicum",2021-05-17,"BI","BB28","2","9",3,"Claire","","28",5,34,23,41,56,62,41
"Thalictrum dioicum",2021-05-17,"BI","BB29","1","1",0,"Claire","","29",5,38,25,35,31,32,38
"Thalictrum dioicum",2021-05-17,"BI","BB29","1","2",1,"Claire","","29",5,38,25,35,31,32,38
"Thalictrum dioicum",2021-05-17,"BI","BB29","1","3",0,"Claire","","29",5,38,25,35,31,32,38
"Thalictrum dioicum",2021-05-17,"BI","BB29","1","4",2,"Claire","","29",5,38,25,35,31,32,38
"Thalictrum dioicum",2021-05-17,"BI","BB29","1","5",0,"Claire","","29",5,38,25,35,31,32,38
"Thalictrum dioicum",2021-05-17,"BI","BB29","1","6",1,"Claire","","29",5,38,25,35,31,32,38
"Thalictrum dioicum",2021-05-17,"BI","BB29","1","7",1,"Claire","","29",5,38,25,35,31,32,38
"Thalictrum dioicum",2021-05-17,"BI","BB29","1","8",1,"Claire","","29",5,38,25,35,31,32,38
"Thalictrum dioicum",2021-05-17,"BI","BB29","1","9",0,"Claire","","29",5,38,25,35,31,32,38
"Thalictrum dioicum",2021-05-17,"BI","BB29","1","10",0,"Claire","","29",5,38,25,35,31,32,38
"Thalictrum dioicum",2021-05-17,"BI","BB29","1","11",0,"Claire","","29",5,38,25,35,31,32,38
"Thalictrum dioicum",2021-05-17,"BI","BB29","2","1",3,"Claire","","29",5,38,25,35,31,32,38
"Thalictrum dioicum",2021-05-17,"BI","BB29","2","2",3,"Claire","","29",5,38,25,35,31,32,38
"Thalictrum dioicum",2021-05-17,"BI","BB29","2","3",2,"Claire","","29",5,38,25,35,31,32,38
"Thalictrum dioicum",2021-05-17,"BI","BB29","2","4",4,"Claire","","29",5,38,25,35,31,32,38
"Thalictrum dioicum",2021-05-17,"BI","BB29","2","5",4,"Claire","","29",5,38,25,35,31,32,38
"Thalictrum dioicum",2021-05-17,"BI","BB29","2","6",2,"Claire","","29",5,38,25,35,31,32,38
"Thalictrum dioicum",2021-05-17,"BI","BB29","2","7",2,"Claire","","29",5,38,25,35,31,32,38
"Thalictrum dioicum",2021-05-17,"BI","BB29","2","8",5,"Claire","","29",5,38,25,35,31,32,38
"Thalictrum dioicum",2021-05-17,"BI","BB29","2","9",2,"Claire","","29",5,38,25,35,31,32,38
"Thalictrum dioicum",2021-05-17,"BI","BB29","2","10",6,"Claire","","29",5,38,25,35,31,32,38
"Thalictrum dioicum",2021-05-17,"BI","BB29","2","11",1,"Claire","","29",5,38,25,35,31,32,38
"Thalictrum dioicum",2021-05-17,"BI","BB29","2","12",4,"Claire","","29",5,38,25,35,31,32,38
"Thalictrum dioicum",2021-05-17,"BI","BB29","2","13",2,"Claire","","29",5,38,25,35,31,32,38
"Thalictrum dioicum",2021-05-17,"BI","BB29","2","14",5,"Claire","","29",5,38,25,35,31,32,38
"Thalictrum dioicum",2021-05-17,"BI","BB3","1","1",27,"Claire","","3",4,18.5,34,28,15,15,27
"Thalictrum dioicum",2021-05-17,"BI","BB3","1","2",18,"Claire","","3",4,18.5,34,28,15,15,27
"Thalictrum dioicum",2021-05-17,"BI","BB3","1","3",14,"Claire","","3",4,18.5,34,28,15,15,27
"Thalictrum dioicum",2021-05-17,"BI","BB3","1","4",30,"Claire","","3",4,18.5,34,28,15,15,27
"Thalictrum dioicum",2021-05-17,"BI","BB3","1","5",18,"Claire","","3",4,18.5,34,28,15,15,27
"Thalictrum dioicum",2021-05-17,"BI","BB3","1","6",32,"Claire","","3",4,18.5,34,28,15,15,27
"Thalictrum dioicum",2021-05-17,"BI","BB3","1","7",37,"Claire","","3",4,18.5,34,28,15,15,27
"Thalictrum dioicum",2021-05-17,"BI","BB3","1","8",18,"Claire","","3",4,18.5,34,28,15,15,27
"Thalictrum dioicum",2021-05-17,"BI","BB3","1","9",25,"Claire","","3",4,18.5,34,28,15,15,27
"Thalictrum dioicum",2021-05-17,"BI","BB30","1","1",3,"Claire","","30",5,18,17,19,11,20,46
"Thalictrum dioicum",2021-05-17,"BI","BB30","1","2",4,"Claire","","30",5,18,17,19,11,20,46
"Thalictrum dioicum",2021-05-17,"BI","BB30","1","3",4,"Claire","","30",5,18,17,19,11,20,46
"Thalictrum dioicum",2021-05-17,"BI","BB30","1","4",6,"Claire","","30",5,18,17,19,11,20,46
"Thalictrum dioicum",2021-05-17,"BI","BB30","1","5",4,"Claire","","30",5,18,17,19,11,20,46
"Thalictrum dioicum",2021-05-17,"BI","BB30","1","6",4,"Claire","","30",5,18,17,19,11,20,46
"Thalictrum dioicum",2021-05-17,"BI","BB30","1","7",1,"Claire","","30",5,18,17,19,11,20,46
"Thalictrum dioicum",2021-05-17,"BI","BB30","1","8",5,"Claire","","30",5,18,17,19,11,20,46
"Thalictrum dioicum",2021-05-17,"BI","BB30","1","9",4,"Claire","","30",5,18,17,19,11,20,46
"Thalictrum dioicum",2021-05-17,"BI","BB30","1","10",2,"Claire","","30",5,18,17,19,11,20,46
"Thalictrum dioicum",2021-05-17,"BI","BB30","1","11",1,"Claire","","30",5,18,17,19,11,20,46
"Thalictrum dioicum",2021-05-17,"BI","BB30","2","1",6,"Claire","","30",5,18,17,19,11,20,46
"Thalictrum dioicum",2021-05-17,"BI","BB30","2","2",4,"Claire","","30",5,18,17,19,11,20,46
"Thalictrum dioicum",2021-05-17,"BI","BB30","2","3",9,"Claire","","30",5,18,17,19,11,20,46
"Thalictrum dioicum",2021-05-17,"BI","BB30","2","4",5,"Claire","","30",5,18,17,19,11,20,46
"Thalictrum dioicum",2021-05-17,"BI","BB30","2","5",7,"Claire","","30",5,18,17,19,11,20,46
"Thalictrum dioicum",2021-05-17,"BI","BB30","2","6",8,"Claire","","30",5,18,17,19,11,20,46
"Thalictrum dioicum",2021-05-17,"BI","BB30","2","7",3,"Claire","","30",5,18,17,19,11,20,46
"Thalictrum dioicum",2021-05-17,"BI","BB30","2","8",11,"Claire","","30",5,18,17,19,11,20,46
"Thalictrum dioicum",2021-05-17,"BI","BB30","2","9",6,"Claire","","30",5,18,17,19,11,20,46
"Thalictrum dioicum",2021-05-17,"BI","BB30","2","10",6,"Claire","","30",5,18,17,19,11,20,46
"Thalictrum dioicum",2021-05-17,"BI","BB30","2","11",7,"Claire","","30",5,18,17,19,11,20,46
"Thalictrum dioicum",2021-05-17,"BI","BB4","1","1",10,"Claire","","4",3,13,31,31,20,32,38
"Thalictrum dioicum",2021-05-17,"BI","BB4","1","2",2,"Claire","","4",3,13,31,31,20,32,38
"Thalictrum dioicum",2021-05-17,"BI","BB4","1","3",14,"Claire","","4",3,13,31,31,20,32,38
"Thalictrum dioicum",2021-05-17,"BI","BB4","1","4",8,"Claire","","4",3,13,31,31,20,32,38
"Thalictrum dioicum",2021-05-17,"BI","BB4","1","5",18,"Claire","","4",3,13,31,31,20,32,38
"Thalictrum dioicum",2021-05-17,"BI","BB4","1","6",14,"Claire","","4",3,13,31,31,20,32,38
"Thalictrum dioicum",2021-05-17,"BI","BB4","1","7",16,"Claire","","4",3,13,31,31,20,32,38
"Thalictrum dioicum",2021-05-17,"BI","BB4","1","8",8,"Claire","","4",3,13,31,31,20,32,38
"Thalictrum dioicum",2021-05-17,"BI","BB4","1","9",9,"Claire","","4",3,13,31,31,20,32,38
"Thalictrum dioicum",2021-05-17,"BI","BB5","1","1",5,"Claire","","5",4,10,15,23,34,37,22
"Thalictrum dioicum",2021-05-17,"BI","BB5","1","2",6,"Claire","","5",4,10,15,23,34,37,22
"Thalictrum dioicum",2021-05-17,"BI","BB5","1","3",3,"Claire","","5",4,10,15,23,34,37,22
"Thalictrum dioicum",2021-05-17,"BI","BB5","1","4",3,"Claire","","5",4,10,15,23,34,37,22
"Thalictrum dioicum",2021-05-17,"BI","BB5","1","5",2,"Claire","","5",4,10,15,23,34,37,22
"Thalictrum dioicum",2021-05-17,"BI","BB5","1","6",3,"Claire","","5",4,10,15,23,34,37,22
"Thalictrum dioicum",2021-05-17,"BI","BB5","1","7",2,"Claire","","5",4,10,15,23,34,37,22
"Thalictrum dioicum",2021-05-17,"BI","BB5","1","8",1,"Claire","","5",4,10,15,23,34,37,22
"Thalictrum dioicum",2021-05-17,"BI","BB6","1","1",11,"Claire","","6",4,16.5,13,19,20,10,26
"Thalictrum dioicum",2021-05-17,"BI","BB6","1","2",22,"Claire","","6",4,16.5,13,19,20,10,26
"Thalictrum dioicum",2021-05-17,"BI","BB6","1","3",18,"Claire","","6",4,16.5,13,19,20,10,26
"Thalictrum dioicum",2021-05-17,"BI","BB6","1","4",5,"Claire","","6",4,16.5,13,19,20,10,26
"Thalictrum dioicum",2021-05-17,"BI","BB6","1","5",6,"Claire","","6",4,16.5,13,19,20,10,26
"Thalictrum dioicum",2021-05-17,"BI","BB6","1","6",2,"Claire","","6",4,16.5,13,19,20,10,26
"Thalictrum dioicum",2021-05-17,"BI","BB7","1","1",9,"Claire","","7",4,24,29,37,39,61,55
"Thalictrum dioicum",2021-05-17,"BI","BB7","1","2",18,"Claire","","7",4,24,29,37,39,61,55
"Thalictrum dioicum",2021-05-17,"BI","BB7","1","3",10,"Claire","","7",4,24,29,37,39,61,55
"Thalictrum dioicum",2021-05-17,"BI","BB7","1","4",4,"Claire","","7",4,24,29,37,39,61,55
"Thalictrum dioicum",2021-05-17,"BI","BB7","1","5",20,"Claire","","7",4,24,29,37,39,61,55
"Thalictrum dioicum",2021-05-17,"BI","BB7","1","6",19,"Claire","","7",4,24,29,37,39,61,55
"Thalictrum dioicum",2021-05-17,"BI","BB7","1","7",25,"Claire","","7",4,24,29,37,39,61,55
"Thalictrum dioicum",2021-05-17,"BI","BB7","1","8",26,"Claire","","7",4,24,29,37,39,61,55
"Thalictrum dioicum",2021-05-17,"BI","BB8","1","1",10,"Claire","","8",5,19,32,23,23,45,71
"Thalictrum dioicum",2021-05-17,"BI","BB8","1","2",9,"Claire","","8",5,19,32,23,23,45,71
"Thalictrum dioicum",2021-05-17,"BI","BB8","1","3",7,"Claire","","8",5,19,32,23,23,45,71
"Thalictrum dioicum",2021-05-17,"BI","BB8","1","4",5,"Claire","","8",5,19,32,23,23,45,71
"Thalictrum dioicum",2021-05-17,"BI","BB8","1","5",16,"Claire","","8",5,19,32,23,23,45,71
"Thalictrum dioicum",2021-05-17,"BI","BB8","1","6",14,"Claire","","8",5,19,32,23,23,45,71
"Thalictrum dioicum",2021-05-17,"BI","BB8","1","7",3,"Claire","","8",5,19,32,23,23,45,71
"Thalictrum dioicum",2021-05-17,"BI","BB8","1","8",5,"Claire","","8",5,19,32,23,23,45,71
"Thalictrum dioicum",2021-05-17,"BI","BB9","1","1",6,"Claire","","9",5,11,20,25,27,28,33
"Thalictrum dioicum",2021-05-17,"BI","BB9","1","2",3,"Claire","","9",5,11,20,25,27,28,33
"Thalictrum dioicum",2021-05-17,"BI","BB9","1","3",4,"Claire","","9",5,11,20,25,27,28,33
"Thalictrum dioicum",2021-05-17,"BI","BB9","1","4",2,"Claire","","9",5,11,20,25,27,28,33
"Thalictrum dioicum",2021-05-17,"BI","BB9","1","5",8,"Claire","","9",5,11,20,25,27,28,33
"Thalictrum dioicum",2021-05-17,"BI","BB9","1","6",5,"Claire","","9",5,11,20,25,27,28,33
"Thalictrum dioicum",2021-05-17,"BI","BB9","1","7",9,"Claire","","9",5,11,20,25,27,28,33
"Thalictrum dioicum",2021-05-17,"BI","BB9","1","8",6,"Claire","","9",5,11,20,25,27,28,33
