"source","Sex_sys","Species","Site","Ind","Label","Avg_diam","Sd_diam","N_diam","Avg_area","Avg_pol_anth","Sd_pol_anth","Anth_per_flw","count_method","Anth_per_sample","Pol_flw","Sd_pol_flw"
"JF2001","hermaphroditic","Acristata",NA,"1",NA,21.1865548968437,6.26091659267349,15230,NA,5076.66666666667,NA,3,"particle counter",3,15230,NA
"JF2001","hermaphroditic","Acristata",NA,"2",NA,22.583245,5.63259545,14830,NA,4943.33333333333,NA,3,"particle counter",3,14830,NA
"JF2001","hermaphroditic","Adasyd",NA,"1",NA,24.9490714571739,7.32032016815536,3648,NA,1824,NA,3,"particle counter",2,5472,NA
"JF2001","hermaphroditic","Elymus repens",NA,"A01",NA,38.3069189854597,2.00991821580171,14823,NA,4941,NA,3,"particle counter",3,14823,NA
"JF2001","hermaphroditic","Elymus repens",NA,"A02",NA,37.8586939437895,2.36787225106714,15265,NA,5088.33333333333,NA,3,"particle counter",3,15265,NA
"JF2001","hermaphroditic","Elymus repens",NA,"A03",NA,38.0590841172301,2.90563246623337,14821,NA,4940.33333333333,NA,3,"particle counter",3,14821,NA
"JF2001","hermaphroditic","Elymus repens",NA,"A07",NA,35.989765037288,2.02363977846007,16215,NA,5405,NA,3,"particle counter",3,16215,NA
"JF2001","hermaphroditic","Elymus repens",NA,"A08",NA,38.4085138402507,2.47781618096323,19325,NA,6441.66666666667,NA,3,"particle counter",3,19325,NA
"JF2001","hermaphroditic","Elymus repens",NA,"A09",NA,36.8188860140327,3.52156303429716,18757,NA,6252.33333333333,NA,3,"particle counter",3,18757,NA
"JF2001","hermaphroditic","Elymus repens",NA,"A10",NA,38.3697315747848,2.07785412059505,15502,NA,5167.33333333333,NA,3,"particle counter",3,15502,NA
"JF2001","hermaphroditic","Elymus repens",NA,"A12",NA,39.1428194095033,2.39114929351925,17817,NA,8908.5,NA,3,"particle counter",2,26725.5,NA
"JF2001","hermaphroditic","Elymus repens",NA,"A13",NA,39.1888505230289,1.85248159620008,15990,NA,5330,NA,3,"particle counter",3,15990,NA
"JF2001","hermaphroditic","Elymus repens",NA,"A14",NA,38.4519152038335,2.27114773673865,18556,NA,6185.33333333333,NA,3,"particle counter",3,18556,NA
"JF2001","hermaphroditic","Elymus repens",NA,"A17",NA,38.8659193534739,2.48311177631215,11101.5,NA,2775.375,NA,3,"particle counter",4,8326.125,NA
"JF2001","hermaphroditic","Elymus repens",NA,"A18",NA,38.012226548762,1.80513115364756,14683,NA,4894.33333333333,NA,3,"particle counter",3,14683,NA
"JF2001","hermaphroditic","Elymus repens",NA,"A19",NA,38.2732578711956,2.45345774432743,17804,NA,5934.66666666667,NA,3,"particle counter",3,17804,NA
"JF2001","hermaphroditic","Elymus repens",NA,"A20",NA,38.0712205974988,2.021027922789,15847,NA,5282.33333333333,NA,3,"particle counter",3,15847,NA
"JF2001","hermaphroditic","Elymus repens",NA,NA,NA,36.0773229060904,2.14676557157405,9747,NA,3249,NA,3,"particle counter",3,9747,NA
"JF2001","hermaphroditic","Elymus repens",NA,NA,NA,35.7242180351082,2.10647993938579,5948,NA,1982.66666666667,NA,3,"particle counter",3,5948,NA
"JF2001","hermaphroditic","Elymus repens",NA,NA,NA,34.7786645021981,2.21167034562808,13246.5,NA,6623.25,NA,3,"particle counter",2,19869.75,NA
"JF2001","hermaphroditic","Elymus repens",NA,NA,NA,36.7644995986907,2.19886314488206,4608,NA,1536,NA,3,"particle counter",3,4608,NA
"JF2001","hermaphroditic","Elymus repens",NA,NA,NA,34.6625565197443,1.7988932235371,8059,NA,2686.33333333333,NA,3,"particle counter",3,8059,NA
"JF2001","hermaphroditic","Elymus repens",NA,NA,NA,37.0796960133822,1.86856035796969,6545,NA,2181.66666666667,NA,3,"particle counter",3,6545,NA
"JF2001","hermaphroditic","Elymus repens",NA,"1",NA,35.9378368093433,2.35395789669049,11247,NA,3749,NA,3,"particle counter",3,11247,NA
"JF2001","hermaphroditic","Elymus repens",NA,"2",NA,37.4888862946517,2.34542476624754,9579,NA,3193,NA,3,"particle counter",3,9579,NA
"JF2001","hermaphroditic","Elymus repens",NA,"3",NA,33.8407184294713,3.25165693765536,15757,NA,5252.33333333333,NA,3,"particle counter",3,15757,NA
"JF2001","hermaphroditic","Elymus repens",NA,"4",NA,36.5615292405368,3.10133413792245,4442,NA,1480.66666666667,NA,3,"particle counter",3,4442,NA
"JF2001","hermaphroditic","Elymus repens",NA,"5",NA,35.4121807121429,3.71840281079735,12765,NA,4255,NA,3,"particle counter",3,12765,NA
"JF2001","hermaphroditic","Elymus repens",NA,"6",NA,38.0640583153938,3.00949164274637,15074,NA,5024.66666666667,NA,3,"particle counter",3,15074,NA
"JF2001","hermaphroditic","Elymus repens",NA,"7",NA,38.8393074347476,2.17359676132875,19274,NA,6424.66666666667,NA,3,"particle counter",3,19274,NA
"JF2001","hermaphroditic","Elymus repens",NA,"8",NA,37.381584551225,2.03443864468281,17422,NA,5807.33333333333,NA,3,"particle counter",3,17422,NA
"JF2001","hermaphroditic","Elymus repens",NA,"9",NA,38.1952588230237,2.2769373201989,18918,NA,6306,NA,3,"particle counter",3,18918,NA
"JF2001","hermaphroditic","Elymus repens",NA,"10",NA,37.1000320440419,2.0324350253946,21277,NA,7092.33333333333,NA,3,"particle counter",3,21277,NA
"JF2001","hermaphroditic","Elymus repens",NA,"11",NA,38.5348529731255,2.58445327847934,14891,NA,4963.66666666667,NA,3,"particle counter",3,14891,NA
"JF2001","hermaphroditic","Elymus repens",NA,"12",NA,34.1652054469851,3.48768449485561,21109,NA,7036.33333333333,NA,3,"particle counter",3,21109,NA
"JF2001","hermaphroditic","Elymus repens",NA,"13",NA,34.061960593611,3.74785937084083,25358,NA,8452.66666666667,NA,3,"particle counter",3,25358,NA
"JF2001","hermaphroditic","Astolonifera",NA,"2",NA,24.8308831023499,3.05059015011189,7648,NA,2549.33333333333,NA,3,"particle counter",3,7648,NA
"JF2001","hermaphroditic","Astolonifera",NA,"3",NA,24.8968872273636,2.5710031374299,6958,NA,2319.33333333333,NA,3,"particle counter",3,6958,NA
"JF2001","hermaphroditic","Astolonifera",NA,"4",NA,24.8912638013698,2.41835422009684,6485,NA,2161.66666666667,NA,3,"particle counter",3,6485,NA
"JF2001","hermaphroditic","Astolonifera",NA,"5",NA,24.7521084320131,2.44270456311147,7068,NA,2356,NA,3,"particle counter",3,7068,NA
"JF2001","hermaphroditic","Agropyron trachycaulum",NA,"1",NA,37.5028866080524,1.87658596515832,15499,NA,5166.33333333333,NA,3,"particle counter",3,15499,NA
"JF2001","hermaphroditic","Agropyron trachycaulum",NA,"2",NA,39.2296066925005,2.30036036152106,9748,NA,3249.33333333333,NA,3,"particle counter",3,9748,NA
"JF2001","hermaphroditic","Agropyron trachycaulum",NA,"3",NA,37.6259840840276,2.18624926834319,16844,NA,5614.66666666667,NA,3,"particle counter",3,16844,NA
"JF2001","hermaphroditic","Agropyron trachycaulum",NA,"4",NA,38.6632348148206,2.35087133478944,18535,NA,6178.33333333333,NA,3,"particle counter",3,18535,NA
"JF2001","hermaphroditic","Agropyron trachycaulum",NA,"1",NA,34.9131636118213,2.07962478620713,19480,NA,6493.33333333333,NA,3,"particle counter",3,19480,NA
"JF2001","hermaphroditic","Agropyron trachycaulum",NA,"6",NA,38.6360203839506,1.92814109858888,18084,NA,6028,NA,3,"particle counter",3,18084,NA
"JF2001","hermaphroditic","Agropyron trachycaulum",NA,"7",NA,34.9150611657314,2.39035428077276,16480,NA,5493.33333333333,NA,3,"particle counter",3,16480,NA
"JF2001","hermaphroditic","Agropyron trachycaulum",NA,"8",NA,38.3040971686938,2.10626369417434,15190,NA,5063.33333333333,NA,3,"particle counter",3,15190,NA
"JF2001","hermaphroditic","Agropyron trachycaulum",NA,"9",NA,38.6872411631922,2.10457198646858,14250,NA,4750,NA,3,"particle counter",3,14250,NA
"JF2001","hermaphroditic","Agropyron trachycaulum",NA,"10",NA,38.6096393859754,2.29287706721696,17743,NA,5914.33333333333,NA,3,"particle counter",3,17743,NA
"JF2001","hermaphroditic","Atracht",NA,"1",NA,34.3748654623812,3.61163273924932,20425,NA,6808.33333333333,NA,3,"particle counter",3,20425,NA
"JF2001","hermaphroditic","Atracht",NA,"2",NA,38.6703922365582,2.01138216064817,15930,NA,5310,NA,3,"particle counter",3,15930,NA
"JF2001","hermaphroditic","Bcarianatus",NA,NA,NA,32.6387350388278,7.81779870121402,16504,NA,5501.33333333333,NA,3,"particle counter",3,16504,NA
"JF2001","hermaphroditic","Bcarianatus",NA,NA,NA,32.7742752428866,2.70636996553033,18782,NA,6260.66666666667,NA,3,"particle counter",3,18782,NA
"JF2001","hermaphroditic","Bcarianatus",NA,NA,NA,32.3947360035943,2.57307056689305,11662,NA,3887.33333333333,NA,3,"particle counter",3,11662,NA
"JF2001","hermaphroditic","Bromus inermis",NA,"C14",NA,30.4308671320998,2.28988447815442,13173,NA,4391,NA,3,"particle counter",3,13173,NA
"JF2001","hermaphroditic","Bromus inermis",NA,"M06",NA,34.8534607417732,3.02800529570344,2819,NA,939.666666666667,NA,3,"particle counter",3,2819,NA
"JF2001","hermaphroditic","Bromus inermis",NA,"M10",NA,40.4078564906534,9.0369375211784,4268,NA,1422.66666666667,NA,3,"particle counter",3,4268,NA
"JF2001","hermaphroditic","Bromus inermis",NA,"M16",NA,32.3947360035943,2.57307056689305,11662,NA,3887.33333333333,NA,3,"particle counter",3,11662,NA
"JF2001","hermaphroditic","Bromus inermis",NA,"M22",NA,36.6865809471944,3.56414524003254,34900,NA,11633.3333333333,NA,3,"particle counter",3,34900,NA
"JF2001","hermaphroditic","Bromus inermis",NA,"M22",NA,35.549747911308,3.7564450380564,7305,NA,2435,NA,3,"particle counter",3,7305,NA
"JF2001","hermaphroditic","Bromus inermis",NA,"N02",NA,32.7742752428866,2.70636996553033,18782,NA,6260.66666666667,NA,3,"particle counter",3,18782,NA
"JF2001","hermaphroditic","Bromus inermis",NA,"N12",NA,38.7356318057556,9.49608694418474,2508,NA,1254,NA,3,"particle counter",2,3762,NA
"JF2001","hermaphroditic","Bromus inermis",NA,"10C2",NA,30.4061902721476,3.91472472361107,24648,NA,8216,NA,3,"particle counter",3,24648,NA
"JF2001","hermaphroditic","Bromus inermis",NA,"11C1",NA,34.803138401202,3.2780835747835,8183,NA,2727.66666666667,NA,3,"particle counter",3,8183,NA
"JF2001","hermaphroditic","Bromus inermis",NA,"12C3",NA,33.6187210268697,2.6157366730927,14426,NA,4808.66666666667,NA,3,"particle counter",3,14426,NA
"JF2001","hermaphroditic","Bromus inermis",NA,"13C3",NA,32.3780005172868,3.93736052273793,20103,NA,6701,NA,3,"particle counter",3,20103,NA
"JF2001","hermaphroditic","Bromus inermis",NA,"14C3",NA,30.3215018497801,2.99546687317,20304,NA,6768,NA,3,"particle counter",3,20304,NA
"JF2001","hermaphroditic","Bromus inermis",NA,"15C5",NA,30.6346225451602,4.34281793261995,21322,NA,7107.33333333333,NA,3,"particle counter",3,21322,NA
"JF2001","hermaphroditic","Bromus inermis",NA,"16C5",NA,34.3851511472552,3.06135827704619,15259,NA,5086.33333333333,NA,3,"particle counter",3,15259,NA
"JF2001","hermaphroditic","Bromus inermis",NA,"17C5",NA,31.7998511942071,4.10946464709509,24841,NA,8280.33333333333,NA,3,"particle counter",3,24841,NA
"JF2001","hermaphroditic","Bromus inermis",NA,"18C6",NA,30.3441585977163,4.29352914254285,26896,NA,8965.33333333333,NA,3,"particle counter",3,26896,NA
"JF2001","hermaphroditic","Bromus inermis",NA,"19C5",NA,36.6261723758715,3.57131684930074,24704,NA,8234.66666666667,NA,3,"particle counter",3,24704,NA
"JF2001","hermaphroditic","Bromus inermis",NA,"1C5",NA,34.1174739728962,3.0218074106921,16464,NA,5488,NA,3,"particle counter",3,16464,NA
"JF2001","hermaphroditic","Bromus inermis",NA,"20C4",NA,31.5113805293933,2.17229602020092,19267,NA,6422.33333333333,NA,3,"particle counter",3,19267,NA
"JF2001","hermaphroditic","Bromus inermis",NA,"21C5",NA,35.2524684729768,3.15501159511749,14657,NA,4885.66666666667,NA,3,"particle counter",3,14657,NA
"JF2001","hermaphroditic","Bromus inermis",NA,"22C2",NA,35.6441297380218,2.98245190781063,16055,NA,5351.66666666667,NA,3,"particle counter",3,16055,NA
"JF2001","hermaphroditic","Bromus inermis",NA,"2C1",NA,30.0981448284332,4.62469914981643,23184,NA,7728,NA,3,"particle counter",3,23184,NA
"JF2001","hermaphroditic","Bromus inermis",NA,"3C2",NA,31.3798923025109,3.71601048853455,21928,NA,7309.33333333333,NA,3,"particle counter",3,21928,NA
"JF2001","hermaphroditic","Bromus inermis",NA,"4C6",NA,34.5564254485082,3.25072655090145,16178,NA,5392.66666666667,NA,3,"particle counter",3,16178,NA
"JF2001","hermaphroditic","Bromus inermis",NA,"5C2",NA,32.0843308285354,3.64126742191903,21926,NA,7308.66666666667,NA,3,"particle counter",3,21926,NA
"JF2001","hermaphroditic","Bromus inermis",NA,"6C4",NA,32.1421459341811,3.11345185703587,12221,NA,4073.66666666667,NA,3,"particle counter",3,12221,NA
"JF2001","hermaphroditic","Bromus inermis",NA,"7C3",NA,33.7919550417006,3.42145185709618,17527,NA,5842.33333333333,NA,3,"particle counter",3,17527,NA
"JF2001","hermaphroditic","Bromus inermis",NA,"8C2",NA,33.9873983859655,3.03650287901591,11661,NA,3887,NA,3,"particle counter",3,11661,NA
"JF2001","hermaphroditic","Bromus inermis",NA,"9C1",NA,32.2625817938467,3.14309732284879,20862,NA,6954,NA,3,"particle counter",3,20862,NA
"JF2001","hermaphroditic","Dcespitosa",NA,NA,NA,18.9207152441062,6.78099547980798,3277,NA,546.166666666667,NA,3,"particle counter",6,1638.5,NA
"JF2001","hermaphroditic","Dcespitosa",NA,NA,NA,19.6207152441062,6.78099547980798,483,NA,80.5,NA,3,"particle counter",6,241.5,NA
"JF2001","hermaphroditic","Elymus innovatus",NA,"EI01",NA,36.2397025279825,2.02823908108958,31167,NA,15583.5,NA,3,"particle counter",2,46750.5,NA
"JF2001","hermaphroditic","Elymus innovatus",NA,"EI02",NA,33.5724642434971,2.77510678009337,21575,NA,7191.66666666667,NA,3,"particle counter",3,21575,NA
"JF2001","hermaphroditic","Elymus innovatus",NA,"EI03",NA,37.4849851612395,2.75614878312988,31875,NA,10625,NA,3,"particle counter",3,31875,NA
"JF2001","hermaphroditic","Elymus innovatus",NA,"EI04",NA,37.0582706631125,2.65972512427298,29712,NA,9904,NA,3,"particle counter",3,29712,NA
"JF2001","hermaphroditic","Elymus innovatus",NA,"EI05",NA,36.4881767034241,2.35298000920079,19414,NA,6471.33333333333,NA,3,"particle counter",3,19414,NA
"JF2001","hermaphroditic","Elymus innovatus",NA,"EI06",NA,37.7186964953306,2.48597961201926,17804,NA,5934.66666666667,NA,3,"particle counter",3,17804,NA
"JF2001","hermaphroditic","Elymus innovatus",NA,"EI07",NA,35.3921141797987,2.831298852746,14923,NA,4974.33333333333,NA,3,"particle counter",3,14923,NA
"JF2001","hermaphroditic","Elymus innovatus",NA,"EI08",NA,34.0396844876188,2.07481217632054,23178,NA,7726,NA,3,"particle counter",3,23178,NA
"JF2001","hermaphroditic","Elymus innovatus",NA,"EI09",NA,36.3648291778692,2.60092596586835,21545,NA,7181.66666666667,NA,3,"particle counter",3,21545,NA
"JF2001","hermaphroditic","Elymus innovatus",NA,"EI10",NA,37.6957853437398,2.99272493736565,34502,NA,11500.6666666667,NA,3,"particle counter",3,34502,NA
"JF2001","hermaphroditic","Elymus innovatus",NA,"EI11",NA,38.178572166038,4.18818498436254,14095,NA,4698.33333333333,NA,3,"particle counter",3,14095,NA
"JF2001","hermaphroditic","Elymus innovatus",NA,"EI12",NA,36.2470904800289,2.91031627734434,17194,NA,5731.33333333333,NA,3,"particle counter",3,17194,NA
"JF2001","hermaphroditic","Elymus innovatus",NA,"EI13",NA,34.4305856987813,2.87623046948038,23367,NA,7789,NA,3,"particle counter",3,23367,NA
"JF2001","hermaphroditic","Elymus innovatus",NA,"EI14",NA,37.9849693213467,4.87363639434314,29808,NA,14904,NA,3,"particle counter",2,44712,NA
"JF2001","hermaphroditic","Elymus innovatus",NA,"10O3",NA,33.4633519240069,3.28272438298537,19275,NA,6425,NA,3,"particle counter",3,19275,NA
"JF2001","hermaphroditic","Elymus innovatus",NA,"13C3",NA,34.9906630281563,2.20938066180251,28114,NA,9371.33333333333,NA,3,"particle counter",3,28114,NA
"JF2001","hermaphroditic","Elymus innovatus",NA,"14C3",NA,34.3293129223469,2.24977025463703,17300,NA,5766.66666666667,NA,3,"particle counter",3,17300,NA
"JF2001","hermaphroditic","Elymus innovatus",NA,"15C6",NA,33.3629868030746,4.45812864767328,16141,NA,5380.33333333333,NA,3,"particle counter",3,16141,NA
"JF2001","hermaphroditic","Elymus innovatus",NA,"16C3",NA,34.3908648776279,1.82146124732692,27039,NA,9013,NA,3,"particle counter",3,27039,NA
"JF2001","hermaphroditic","Elymus innovatus",NA,"19C3",NA,35.7828408934813,2.8896833822336,20360,NA,6786.66666666667,NA,3,"particle counter",3,20360,NA
"JF2001","hermaphroditic","Elymus innovatus",NA,"1O5",NA,35.4141290549853,1.96221104652925,32586,NA,10862,NA,3,"particle counter",3,32586,NA
"JF2001","hermaphroditic","Elymus innovatus",NA,"20C5",NA,31.9040675514011,2.34951226266205,12031,NA,4010.33333333333,NA,3,"particle counter",3,12031,NA
"JF2001","hermaphroditic","Elymus innovatus",NA,"21C2",NA,34.254677200243,2.23101062786403,22330,NA,7443.33333333333,NA,3,"particle counter",3,22330,NA
"JF2001","hermaphroditic","Elymus innovatus",NA,"2O3",NA,34.4141838022755,2.01235640155744,13466,NA,4488.66666666667,NA,3,"particle counter",3,13466,NA
"JF2001","hermaphroditic","Elymus innovatus",NA,"3O2",NA,36.2022787523638,2.22905656933309,27039,NA,9013,NA,3,"particle counter",3,27039,NA
"JF2001","hermaphroditic","Elymus innovatus",NA,"4O2",NA,35.8140455829059,1.99621445002746,23565,NA,7855,NA,3,"particle counter",3,23565,NA
"JF2001","hermaphroditic","Elymus innovatus",NA,"5O6",NA,34.415344298825,2.05305773135311,25253,NA,8417.66666666667,NA,3,"particle counter",3,25253,NA
"JF2001","hermaphroditic","Elymus innovatus",NA,"6O1",NA,33.0184967502618,2.5697116850716,11212,NA,3737.33333333333,NA,3,"particle counter",3,11212,NA
"JF2001","hermaphroditic","Elymus innovatus",NA,"7O4",NA,34.4822210040372,1.69901550872145,25058,NA,8352.66666666667,NA,3,"particle counter",3,25058,NA
"JF2001","hermaphroditic","Elymus innovatus",NA,"8O4",NA,37.410613282223,2.59641183938633,32341,NA,10780.3333333333,NA,3,"particle counter",3,32341,NA
"JF2001","hermaphroditic","Elymus innovatus",NA,"9O1",NA,33.3696773467896,2.61665131032635,17413,NA,5804.33333333333,NA,3,"particle counter",3,17413,NA
"JF2001","hermaphroditic","Elymus innovatus",NA,"m02C3",NA,34.2118693135897,2.38332800881288,20033,NA,6677.66666666667,NA,3,"particle counter",3,20033,NA
"JF2001","hermaphroditic","Elymus innovatus",NA,"m02C5",NA,34.6841524328712,2.40191391022204,18368,NA,6122.66666666667,NA,3,"particle counter",3,18368,NA
"JF2001","hermaphroditic","Elymus innovatus",NA,"n10C2",NA,34.0475315134691,1.97913631622018,20080,NA,6693.33333333333,NA,3,"particle counter",3,20080,NA
"JF2001","hermaphroditic","Elymus innovatus",NA,"n10C3",NA,32.8147663843298,1.57187685259938,19719,NA,9859.5,NA,3,"particle counter",2,29578.5,NA
"JF2001","hermaphroditic","Festuca campestris",NA,"C16",NA,29.3789752916349,1.97055114070468,7083,NA,2361,NA,3,"particle counter",3,7083,NA
"JF2001","hermaphroditic","Festuca campestris",NA,"C18",NA,28.1226529253195,3.3687944341277,8790,NA,4395,NA,3,"particle counter",2,13185,NA
"JF2001","hermaphroditic","Festuca campestris",NA,"FF01",NA,31.0126108266692,2.22701357184739,17119,NA,5706.33333333333,NA,3,"particle counter",3,17119,NA
"JF2001","hermaphroditic","Festuca campestris",NA,"FF02",NA,29.3797690415014,1.8480216920256,11049,NA,3683,NA,3,"particle counter",3,11049,NA
"JF2001","hermaphroditic","Festuca campestris",NA,"FF03",NA,29.1600307129748,2.22204435234593,12272,NA,4090.66666666667,NA,3,"particle counter",3,12272,NA
"JF2001","hermaphroditic","Festuca campestris",NA,"FF06",NA,31.0057301019075,1.39277233396397,17465,NA,5821.66666666667,NA,3,"particle counter",3,17465,NA
"JF2001","hermaphroditic","Festuca campestris",NA,"FF07",NA,30.5179520264426,1.59943389452162,3251,NA,1083.66666666667,NA,3,"particle counter",3,3251,NA
"JF2001","hermaphroditic","Festuca campestris",NA,"FF08",NA,29.8960993527509,2.20063867445052,5736,NA,1912,NA,3,"particle counter",3,5736,NA
"JF2001","hermaphroditic","Festuca campestris",NA,"FF09",NA,31.1456890882073,1.29307398670844,11951,NA,3983.66666666667,NA,3,"particle counter",3,11951,NA
"JF2001","hermaphroditic","Festuca campestris",NA,"M01",NA,30.2936761041989,2.16826405748192,9409,NA,3136.33333333333,NA,3,"particle counter",3,9409,NA
"JF2001","hermaphroditic","Festuca campestris",NA,"M27",NA,30.6888788954438,2.63801794999872,7455,NA,2485,NA,3,"particle counter",3,7455,NA
"JF2001","hermaphroditic","Festuca campestris",NA,"N14",NA,32.5769103238821,1.58560882460192,8673,NA,4336.5,NA,3,"particle counter",2,13009.5,NA
"JF2001","hermaphroditic","Festuca campestris",NA,"N14",NA,30.339688084198,2.35604533546442,21729,NA,10864.5,NA,3,"particle counter",2,32593.5,NA
"JF2001","hermaphroditic","Festuca campestris",NA,"02C4",NA,29.9589297533253,2.2751002799097,22517,NA,7505.66666666667,NA,3,"particle counter",3,22517,NA
"JF2001","hermaphroditic","Festuca campestris",NA,"03C6",NA,26.402539206558,2.07232278220386,19138,NA,6379.33333333333,NA,3,"particle counter",3,19138,NA
"JF2001","hermaphroditic","Festuca campestris",NA,"04C2",NA,29.6158360771446,2.28094327393965,18753,NA,6251,NA,3,"particle counter",3,18753,NA
"JF2001","hermaphroditic","Festuca campestris",NA,"05C2",NA,23.9199407800568,2.54438599791894,29591,NA,9863.66666666667,NA,3,"particle counter",3,29591,NA
"JF2001","hermaphroditic","Festuca campestris",NA,"06C1",NA,29.3086316889444,2.88701561282848,22560,NA,7520,NA,3,"particle counter",3,22560,NA
"JF2001","hermaphroditic","Festuca campestris",NA,"07C4",NA,27.7686695248805,2.67305852200184,19324,NA,6441.33333333333,NA,3,"particle counter",3,19324,NA
"JF2001","hermaphroditic","Festuca campestris",NA,"08C5",NA,30.9404707017724,1.39589937342147,15488,NA,5162.66666666667,NA,3,"particle counter",3,15488,NA
"JF2001","hermaphroditic","Festuca campestris",NA,"09C3",NA,27.0012009007474,2.57327263670145,18867,NA,6289,NA,3,"particle counter",3,18867,NA
"JF2001","hermaphroditic","Festuca campestris",NA,"10C2",NA,25.8100343099131,2.64207179863741,27571,NA,9190.33333333333,NA,3,"particle counter",3,27571,NA
"JF2001","hermaphroditic","Festuca campestris",NA,"11C2",NA,28.7697663373057,2.35601956484698,24404,NA,8134.66666666667,NA,3,"particle counter",3,24404,NA
"JF2001","hermaphroditic","Festuca campestris",NA,"12C4",NA,29.5060036061452,2.17587849981386,21952,NA,7317.33333333333,NA,3,"particle counter",3,21952,NA
"JF2001","hermaphroditic","Festuca campestris",NA,"13C2",NA,27.2488124340127,1.63160089055317,17860,NA,5953.33333333333,NA,3,"particle counter",3,17860,NA
"JF2001","hermaphroditic","Festuca campestris",NA,"14C1",NA,28.3887637254175,2.66383251380397,20172,NA,6724,NA,3,"particle counter",3,20172,NA
"JF2001","hermaphroditic","Festuca campestris",NA,"15C4",NA,29.5268152368759,2.19578019459116,20601,NA,6867,NA,3,"particle counter",3,20601,NA
"JF2001","hermaphroditic","Festuca campestris",NA,"16C3",NA,26.9565230758101,2.4908506728504,18304,NA,6101.33333333333,NA,3,"particle counter",3,18304,NA
"JF2001","hermaphroditic","Festuca campestris",NA,"17C2",NA,29.9630172379503,1.81337818127116,17290,NA,5763.33333333333,NA,3,"particle counter",3,17290,NA
"JF2001","hermaphroditic","Festuca campestris",NA,"18C2",NA,27.1758957505953,2.73950797930359,18621,NA,6207,NA,3,"particle counter",3,18621,NA
"JF2001","hermaphroditic","Festuca campestris",NA,"19C4",NA,29.1031549474084,1.81715924655755,20326,NA,6775.33333333333,NA,3,"particle counter",3,20326,NA
"JF2001","hermaphroditic","Festuca campestris",NA,"1C1",NA,29.3073061288443,1.8602146388447,23046,NA,7682,NA,3,"particle counter",3,23046,NA
"JF2001","hermaphroditic","Festuca campestris",NA,"1C2",NA,30.3369827116579,2.30585684110822,21261,NA,7087,NA,3,"particle counter",3,21261,NA
"JF2001","hermaphroditic","Festuca campestris",NA,"1C4",NA,29.080307001075,1.70977060780486,22314,NA,7438,NA,3,"particle counter",3,22314,NA
"JF2001","hermaphroditic","Festuca campestris",NA,"20C3",NA,27.6244215257866,2.70120019691988,27379,NA,9126.33333333333,NA,3,"particle counter",3,27379,NA
"JF2001","hermaphroditic","Festuca campestris",NA,"21C2",NA,29.293949774509,2.86232966160409,12169,NA,4056.33333333333,NA,3,"particle counter",3,12169,NA
"JF2001","hermaphroditic","Festuca campestris",NA,"22C4",NA,29.5848694047606,2.03687938887097,18955,NA,6318.33333333333,NA,3,"particle counter",3,18955,NA
"JF2001","hermaphroditic","Festuca campestris",NA,"2C4",NA,27.9533837637882,2.23061244525949,24837,NA,8279,NA,3,"particle counter",3,24837,NA
"JF2001","hermaphroditic","Festuca campestris",NA,"33O2",NA,28.0821018392302,2.31833904465983,25286,NA,8428.66666666667,NA,3,"particle counter",3,25286,NA
"JF2001","hermaphroditic","Festuca campestris",NA,"35O3",NA,30.6066599818687,1.41561101742855,17649,NA,5883,NA,3,"particle counter",3,17649,NA
"JF2001","hermaphroditic","Festuca campestris",NA,"37O3",NA,29.2323252714314,2.04893963383034,22849,NA,7616.33333333333,NA,3,"particle counter",3,22849,NA
"JF2001","hermaphroditic","Festuca campestris",NA,"38O2",NA,28.45043270438,2.66317013950642,25815,NA,8605,NA,3,"particle counter",3,25815,NA
"JF2001","hermaphroditic","Festuca campestris",NA,"39O1",NA,27.8931190948022,1.38145282809875,26825,NA,8941.66666666667,NA,3,"particle counter",3,26825,NA
"JF2001","hermaphroditic","Festuca campestris",NA,"3C1",NA,30.5177798848431,2.9736798256433,21722,NA,7240.66666666667,NA,3,"particle counter",3,21722,NA
"JF2001","hermaphroditic","Festuca campestris",NA,"3C3",NA,29.3955550879251,2.42024727882837,21325,NA,7108.33333333333,NA,3,"particle counter",3,21325,NA
"JF2001","hermaphroditic","Festuca campestris",NA,"3C5",NA,26.1822764610635,2.43903007004432,20345,NA,6781.66666666667,NA,3,"particle counter",3,20345,NA
"JF2001","hermaphroditic","Festuca campestris",NA,"41O4",NA,30.0614424743849,1.90416827146359,20398,NA,6799.33333333333,NA,3,"particle counter",3,20398,NA
"JF2001","hermaphroditic","Festuca campestris",NA,"43O2",NA,27.2442003060243,2.63476937233031,20352,NA,6784,NA,3,"particle counter",3,20352,NA
"JF2001","hermaphroditic","Festuca campestris",NA,"44O3",NA,28.1518219525713,2.0135764147653,20868,NA,6956,NA,3,"particle counter",3,20868,NA
"JF2001","hermaphroditic","Festuca campestris",NA,"45O3",NA,31.2577297683939,1.74500491132619,19305,NA,6435,NA,3,"particle counter",3,19305,NA
"JF2001","hermaphroditic","Festuca campestris",NA,"46O3",NA,28.5110865429001,2.337978210037,25013,NA,8337.66666666667,NA,3,"particle counter",3,25013,NA
"JF2001","hermaphroditic","Festuca campestris",NA,"47C1",NA,27.0658389293943,2.18830949481363,18389,NA,6129.66666666667,NA,3,"particle counter",3,18389,NA
"JF2001","hermaphroditic","Festuca campestris",NA,"48C2",NA,26.6752078217328,1.86924556494793,21536,NA,7178.66666666667,NA,3,"particle counter",3,21536,NA
"JF2001","hermaphroditic","Festuca campestris",NA,"49C3",NA,28.4507733578719,2.08938065344821,20790,NA,6930,NA,3,"particle counter",3,20790,NA
"JF2001","hermaphroditic","Festuca campestris",NA,"4C2",NA,28.8190183127864,1.98175138908584,23133,NA,7711,NA,3,"particle counter",3,23133,NA
"JF2001","hermaphroditic","Festuca campestris",NA,"4C3",NA,29.9251679666195,1.615457226362,24162,NA,8054,NA,3,"particle counter",3,24162,NA
"JF2001","hermaphroditic","Festuca campestris",NA,"4C5",NA,28.2783392942515,1.76572511409602,24115,NA,8038.33333333333,NA,3,"particle counter",3,24115,NA
"JF2001","hermaphroditic","Festuca campestris",NA,"50C5",NA,28.5321451688849,2.3547184689604,20367,NA,6789,NA,3,"particle counter",3,20367,NA
"JF2001","hermaphroditic","Festuca campestris",NA,"51C4",NA,28.5047240117607,2.59622317738074,21670,NA,7223.33333333333,NA,3,"particle counter",3,21670,NA
"JF2001","hermaphroditic","Festuca campestris",NA,"52C6",NA,28.1365114670763,2.2566787955819,26473,NA,8824.33333333333,NA,3,"particle counter",3,26473,NA
"JF2001","hermaphroditic","Festuca rubra",NA,"F01",NA,30.5085735811718,1.72865286812967,11193,NA,3731,NA,3,"particle counter",3,11193,NA
"JF2001","hermaphroditic","Festuca rubra",NA,"F02",NA,29.587517213718,2.31567843426103,3222,NA,1074,NA,3,"particle counter",3,3222,NA
"JF2001","hermaphroditic","Festuca rubra",NA,"F03",NA,29.0184871887178,2.41923286459854,1946,NA,648.666666666667,NA,3,"particle counter",3,1946,NA
"JF2001","hermaphroditic","Festuca rubra",NA,"F04",NA,29.918187919618,2.22847722637516,3061,NA,1020.33333333333,NA,3,"particle counter",3,3061,NA
"JF2001","hermaphroditic","Festuca rubra",NA,"F05",NA,28.4098435366157,2.86944379070375,2082,NA,694,NA,3,"particle counter",3,2082,NA
"JF2001","hermaphroditic","Festuca rubra",NA,"1",NA,26.6336613719558,2.70176606525847,18000.75,NA,4500.1875,NA,3,"particle counter",4,13500.5625,NA
"JF2001","hermaphroditic","Festuca rubra",NA,"2",NA,28.6111838925894,2.94742088483542,22499,NA,7499.66666666667,NA,3,"particle counter",3,22499,NA
"JF2001","hermaphroditic","Festuca rubra",NA,"3",NA,29.7299387665581,1.94340343039446,15393,NA,5131,NA,3,"particle counter",3,15393,NA
"JF2001","hermaphroditic","Festuca pratensis",NA,"1",NA,30.1828617308386,2.36716218408961,4842,NA,1614,NA,3,"particle counter",3,4842,NA
"JF2001","hermaphroditic","Festuca pratensis",NA,"2",NA,27.8227566788708,2.54453985295123,9659,NA,3219.66666666667,NA,3,"particle counter",3,9659,NA
"JF2001","hermaphroditic","Festuca pratensis",NA,"3",NA,30.1911288783832,2.19273934601772,4197,NA,1399,NA,3,"particle counter",3,4197,NA
"JF2001","hermaphroditic","Festuca pratensis",NA,"4",NA,31.108108650614,3.01993370013596,3284,NA,1094.66666666667,NA,3,"particle counter",3,3284,NA
"JF2001","hermaphroditic","Festuca pratensis",NA,"5",NA,28.8623133683169,2.24873860616297,5116,NA,1705.33333333333,NA,3,"particle counter",3,5116,NA
"JF2001","hermaphroditic","Festuca pratensis",NA,"6",NA,29.9878698418109,2.20012349600231,10162,NA,3387.33333333333,NA,3,"particle counter",3,10162,NA
"JF2001","hermaphroditic","Festuca pratensis",NA,"7",NA,31.0054420386423,2.18830506740096,6786,NA,2262,NA,3,"particle counter",3,6786,NA
"JF2001","hermaphroditic","Festuca pratensis",NA,"8",NA,30.2225599568279,2.60234509258329,6022,NA,2007.33333333333,NA,3,"particle counter",3,6022,NA
"JF2001","hermaphroditic","Festuca pratensis",NA,"9",NA,30.5854970816202,2.00557040444367,8288,NA,2762.66666666667,NA,3,"particle counter",3,8288,NA
"JF2001","hermaphroditic","Festuca pratensis",NA,"10",NA,28.0777535515793,2.96837427322204,13444,NA,4481.33333333333,NA,3,"particle counter",3,13444,NA
"JF2001","hermaphroditic","Festuca pratensis",NA,"11",NA,29.7570186112375,2.15585492630769,6523,NA,2174.33333333333,NA,3,"particle counter",3,6523,NA
"JF2001","hermaphroditic","Festuca pratensis",NA,"12",NA,30.2431430334683,2.13281058462361,6810,NA,2270,NA,3,"particle counter",3,6810,NA
"JF2001","hermaphroditic","Festuca pratensis",NA,"13",NA,27.925857538636,2.52546100586251,10198,NA,3399.33333333333,NA,3,"particle counter",3,10198,NA
"JF2001","hermaphroditic","Festuca pratensis",NA,"14",NA,28.7217608350662,3.61436976020854,8531,NA,2843.66666666667,NA,3,"particle counter",3,8531,NA
"JF2001","hermaphroditic","Avenula hookeri",NA,"AF01",NA,28.6757909824945,3.49454258094296,2312,NA,770.666666666667,NA,3,"particle counter",3,2312,NA
"JF2001","hermaphroditic","Avenula hookeri",NA,"AF02",NA,27.0419287176373,3.14923257439834,4480,NA,1493.33333333333,NA,3,"particle counter",3,4480,NA
"JF2001","hermaphroditic","Avenula hookeri",NA,"AF03",NA,29.1947186744144,2.90344605888987,5566,NA,1855.33333333333,NA,3,"particle counter",3,5566,NA
"JF2001","hermaphroditic","Avenula hookeri",NA,"AF04",NA,25.8832591917139,3.02165503785276,2957,NA,985.666666666667,NA,3,"particle counter",3,2957,NA
"JF2001","hermaphroditic","Avenula hookeri",NA,"AF05",NA,29.7313785900931,1.18460009509485,10472,NA,3490.66666666667,NA,3,"particle counter",3,10472,NA
"JF2001","hermaphroditic","Hierochloe odorata",NA,"01P",NA,25.3621365440794,3.47109828765594,1100.18399271476,NA,550.091996357381,NA,3,"particle counter",2,1650.27598907214,NA
"JF2001","hermaphroditic","Hierochloe odorata",NA,"02S",NA,NA,NA,230.163996229972,NA,76.7213320766572,NA,3,"particle counter",3,230.163996229972,NA
"JF2001","hermaphroditic","Hierochloe odorata",NA,"03S",NA,24.90038017354,3.47560880465561,3602.9111164931,NA,1200.97037216437,NA,3,"particle counter",3,3602.9111164931,NA
"JF2001","hermaphroditic","Hierochloe odorata",NA,"04P",NA,NA,NA,450.772492244054,NA,225.386246122027,NA,3,"particle counter",2,676.158738366081,NA
"JF2001","hermaphroditic","Hierochloe odorata",NA,"05P",NA,NA,NA,565.037270341207,NA,282.518635170604,NA,3,"particle counter",2,847.555905511811,NA
"JF2001","hermaphroditic","Hierochloe odorata",NA,"06S",NA,20.3470960608079,3.18546871679407,548.591558745197,NA,182.863852915066,NA,3,"particle counter",3,548.591558745197,NA
"JF2001","hermaphroditic","Hierochloe odorata",NA,"07S",NA,24.1976103108448,3.37417442675759,1899.04294866725,NA,633.014316222416,NA,3,"particle counter",3,1899.04294866725,NA
"JF2001","hermaphroditic","Hierochloe odorata",NA,"08P",NA,21.4248990483728,3.21994102120598,101.693442791175,NA,50.8467213955875,NA,3,"particle counter",2,152.540164186762,NA
"JF2001","hermaphroditic","Hierochloe odorata",NA,"09S",NA,23.0067301070703,3.37642761177087,3374.53165074755,NA,1124.84388358252,NA,3,"particle counter",3,3374.53165074755,NA
"JF2001","hermaphroditic","Hierochloe odorata",NA,"10P",NA,23.6735215811616,3.38102237683691,868.427160043008,NA,434.213580021504,NA,3,"particle counter",2,1302.64074006451,NA
"JF2001","hermaphroditic","Hierochloe odorata",NA,"16S",NA,25.4830335877796,3.66075263478532,5232.85674345104,NA,1744.28558115035,NA,3,"particle counter",3,5232.85674345104,NA
"JF2001","hermaphroditic","Hierochloe odorata",NA,"17P",NA,24.0829570128206,4.27206312862487,997.672162631525,NA,498.836081315763,NA,3,"particle counter",2,1496.50824394729,NA
"JF2001","hermaphroditic","Hierochloe odorata",NA,"20S",NA,24.9362915005575,3.08727119670082,5264,NA,1754.66666666667,NA,3,"particle counter",3,5264,NA
"JF2001","hermaphroditic","Hierochloe odorata",NA,"22S",NA,25.5711476392724,3.01598195528104,4674,NA,1558,NA,3,"particle counter",3,4674,NA
"JF2001","hermaphroditic","Hierochloe odorata",NA,"24S",NA,24.1770920592823,3.92187974249678,9352,NA,3117.33333333333,NA,3,"particle counter",3,9352,NA
"JF2001","hermaphroditic","Hierochloe odorata",NA,"26P",NA,25.0466240726224,3.68495022002394,3789,NA,1894.5,NA,3,"particle counter",2,5683.5,NA
"JF2001","hermaphroditic","Hierochloe odorata",NA,"27S",NA,22.4302300280784,2.70667549683497,4362,NA,1454,NA,3,"particle counter",3,4362,NA
"JF2001","hermaphroditic","Hierochloe odorata",NA,"28S",NA,23.1768009307513,2.5604169077858,8397,NA,2799,NA,3,"particle counter",3,8397,NA
"JF2001","hermaphroditic","Hierochloe odorata",NA,"30S",NA,22.7836913807405,3.00628718481464,6946,NA,2315.33333333333,NA,3,"particle counter",3,6946,NA
"JF2001","hermaphroditic","Hierochloe odorata",NA,"31S",NA,20.7626506467524,2.23644692084097,4431,NA,1477,NA,3,"particle counter",3,4431,NA
"JF2001","hermaphroditic","Hierochloe odorata",NA,"34S",NA,24.0839568577451,3.48013722412998,8812,NA,2937.33333333333,NA,3,"particle counter",3,8812,NA
"JF2001","hermaphroditic","Hierochloe odorata",NA,"38S",NA,24.8227229045739,3.04703834830403,6870,NA,2290,NA,3,"particle counter",3,6870,NA
"JF2001","hermaphroditic","Hierochloe odorata",NA,"39S",NA,25.073481931744,3.4066011945788,7095,NA,2365,NA,3,"particle counter",3,7095,NA
"JF2001","hermaphroditic","Hierochloe odorata",NA,"11P",NA,NA,NA,93,NA,46.5,NA,3,"particle counter",2,139.5,NA
"JF2001","hermaphroditic","Hierochloe odorata",NA,"12P",NA,NA,NA,937,NA,468.5,NA,3,"particle counter",2,1405.5,NA
"JF2001","hermaphroditic","Hierochloe odorata",NA,"13P",NA,NA,NA,92,NA,46,NA,3,"particle counter",2,138,NA
"JF2001","hermaphroditic","Hierochloe odorata",NA,"14P",NA,NA,NA,459,NA,229.5,NA,3,"particle counter",2,688.5,NA
"JF2001","hermaphroditic","Hierochloe odorata",NA,"18P",NA,NA,NA,951,NA,475.5,NA,3,"particle counter",2,1426.5,NA
"JF2001","hermaphroditic","Hierochloe odorata",NA,"19S",NA,NA,NA,998,NA,332.666666666667,NA,3,"particle counter",3,998,NA
"JF2001","hermaphroditic","Hierochloe odorata",NA,"21P",NA,NA,NA,1443,NA,721.5,NA,3,"particle counter",2,2164.5,NA
"JF2001","hermaphroditic","Hierochloe odorata",NA,"23S",NA,NA,NA,3718,NA,1239.33333333333,NA,3,"particle counter",3,3718,NA
"JF2001","hermaphroditic","Hierochloe odorata",NA,"25P",NA,NA,NA,964,NA,482,NA,3,"particle counter",2,1446,NA
"JF2001","hermaphroditic","Hierochloe odorata",NA,"29P",NA,NA,NA,129.757858980543,NA,64.8789294902717,NA,3,"particle counter",2,194.636788470815,NA
"JF2001","hermaphroditic","Hierochloe odorata",NA,"33P",NA,NA,NA,1101.60024487297,NA,550.800122436486,NA,3,"particle counter",2,1652.40036730946,NA
"JF2001","hermaphroditic","Hierochloe odorata",NA,"35P",NA,NA,NA,2017.06757860351,NA,1008.53378930176,NA,3,"particle counter",2,3025.60136790527,NA
"JF2001","hermaphroditic","Hierochloe odorata",NA,"36P",NA,NA,NA,774.417704352114,NA,387.208852176057,NA,3,"particle counter",2,1161.62655652817,NA
"JF2001","hermaphroditic","Hierochloe odorata",NA,"37P",NA,NA,NA,582.187531749741,NA,291.09376587487,NA,3,"particle counter",2,873.281297624611,NA
"JF2001","hermaphroditic","Hierochloe odorata",NA,"C01",NA,19.4777945581866,6.76351888037231,3206,NA,1603,NA,3,"particle counter",2,4809,NA
"JF2001","hermaphroditic","Hierochloe odorata",NA,"C10",NA,21.8903059359298,6.69626849112383,3904,NA,1952,NA,3,"particle counter",2,5856,NA
"JF2001","hermaphroditic","Hierochloe odorata",NA,"M08",NA,22.9093506908067,6.92659046861044,3760,NA,1880,NA,3,"particle counter",2,5640,NA
"JF2001","hermaphroditic","Hierochloe odorata",NA,"M30",NA,22.4268354184429,6.83607819096255,4334,NA,2167,NA,3,"particle counter",2,6501,NA
"JF2001","hermaphroditic","Hierochloe odorata",NA,"N07",NA,21.7438270307378,6.56105520073889,7262,NA,3631,NA,3,"particle counter",2,10893,NA
"JF2001","hermaphroditic","Hierochloe odorata",NA,"N11",NA,19.9080315542795,6.19134274928791,2225,NA,1112.5,NA,3,"particle counter",2,3337.5,NA
"JF2001","hermaphroditic","Hierochloe odorata",NA,"PC06",NA,19.4378301259599,7.7628555948021,1717,NA,858.5,NA,3,"particle counter",2,2575.5,NA
"JF2001","hermaphroditic","Hierochloe odorata",NA,"PC18",NA,22.9750222043314,6.24204619233643,3881,NA,1940.5,NA,3,"particle counter",2,5821.5,NA
"JF2001","hermaphroditic","Hierochloe odorata",NA,"PC20",NA,21.4135100533829,5.82657257395763,2214,NA,1107,NA,3,"particle counter",2,3321,NA
"JF2001","hermaphroditic","Hierochloe odorata",NA,"PM02",NA,20.0858670452734,7.00641413620617,3028,NA,1514,NA,3,"particle counter",2,4542,NA
"JF2001","hermaphroditic","Hierochloe odorata",NA,"PM18",NA,18.0828384308346,6.55673771801869,6008,NA,3004,NA,3,"particle counter",2,9012,NA
"JF2001","hermaphroditic","Hierochloe odorata",NA,"PM29",NA,20.7383969142506,7.06802799282662,3898,NA,1949,NA,3,"particle counter",2,5847,NA
"JF2001","hermaphroditic","Hierochloe odorata",NA,"PN07",NA,20.2357801824202,6.10958380742725,5224,NA,2612,NA,3,"particle counter",2,7836,NA
"JF2001","hermaphroditic","Hierochloe odorata",NA,"PN08",NA,20.7999575330475,7.29898923778112,2533,NA,1266.5,NA,3,"particle counter",2,3799.5,NA
"JF2001","hermaphroditic","Hierochloe odorata",NA,"PM12",NA,21.4063042559062,6.27614723777821,2794,NA,1397,NA,3,"particle counter",2,4191,NA
"JF2001","hermaphroditic","Hierochloe odorata",NA,"PN13",NA,21.3084611816289,6.42182236356833,2873,NA,1436.5,NA,3,"particle counter",2,4309.5,NA
"JF2001","hermaphroditic","Hierochloe odorata",NA,"PN14",NA,20.9918197725355,6.63290109259902,4589,NA,2294.5,NA,3,"particle counter",2,6883.5,NA
"JF2001","hermaphroditic","Hierochloe odorata",NA,"PN18",NA,21.2027680816643,7.2171127436956,3456,NA,1728,NA,3,"particle counter",2,5184,NA
"JF2001","hermaphroditic","Hierochloe odorata",NA,"SC04",NA,20.5757916112428,6.61230460807063,5290,NA,1763.33333333333,NA,3,"particle counter",3,5290,NA
"JF2001","hermaphroditic","Hierochloe odorata",NA,"SC11",NA,25.0507060160813,4.77349626562943,6040,NA,2013.33333333333,NA,3,"particle counter",3,6040,NA
"JF2001","hermaphroditic","Hierochloe odorata",NA,"SM05",NA,22.5549026878883,5.70954342199611,5966,NA,1988.66666666667,NA,3,"particle counter",3,5966,NA
"JF2001","hermaphroditic","Hierochloe odorata",NA,"SM18",NA,23.0132232859912,5.12589833228715,5432,NA,1810.66666666667,NA,3,"particle counter",3,5432,NA
"JF2001","hermaphroditic","Hierochloe odorata",NA,"SM19",NA,22.3500124603259,4.68108241811082,5521,NA,1840.33333333333,NA,3,"particle counter",3,5521,NA
"JF2001","hermaphroditic","Hierochloe odorata",NA,"SM23",NA,25.5815023382205,4.07339815341851,8530,NA,2843.33333333333,NA,3,"particle counter",3,8530,NA
"JF2001","hermaphroditic","Hierochloe odorata",NA,"SM29",NA,21.4859579837455,6.84014060081687,1103,NA,367.666666666667,NA,3,"particle counter",3,1103,NA
"JF2001","hermaphroditic","Hierochloe odorata",NA,"SN07",NA,23.4973162856465,4.47029585395042,4041,NA,1347,NA,3,"particle counter",3,4041,NA
"JF2001","hermaphroditic","Hierochloe odorata",NA,"SN08",NA,23.9652713446057,5.70792918406421,6957,NA,2319,NA,3,"particle counter",3,6957,NA
"JF2001","hermaphroditic","Hierochloe odorata",NA,"SN11",NA,22.1063827675972,5.13706751578249,4449,NA,1483,NA,3,"particle counter",3,4449,NA
"JF2001","hermaphroditic","Hierochloe odorata",NA,"SN12",NA,23.749942746063,5.39344523539972,6141,NA,2047,NA,3,"particle counter",3,6141,NA
"JF2001","hermaphroditic","Hierochloe odorata",NA,"SN13",NA,23.7823684799299,5.53939889946662,6040,NA,2013.33333333333,NA,3,"particle counter",3,6040,NA
"JF2001","hermaphroditic","Koeleria cristata",NA,"KF01",NA,23.5402773364489,1.53427942238938,5741,NA,1913.66666666667,NA,3,"particle counter",3,5741,NA
"JF2001","hermaphroditic","Koeleria cristata",NA,"KF02",NA,24.481244785584,1.84114663365446,2727,NA,909,NA,3,"particle counter",3,2727,NA
"JF2001","hermaphroditic","Koeleria cristata",NA,"KF03",NA,24.1321891780119,1.76556340161275,4559,NA,1519.66666666667,NA,3,"particle counter",3,4559,NA
"JF2001","hermaphroditic","Koeleria cristata",NA,"KF04",NA,23.657654263485,1.52680104028113,5025,NA,1675,NA,3,"particle counter",3,5025,NA
"JF2001","hermaphroditic","Koeleria cristata",NA,"KF05",NA,23.6945637676883,1.73211260262477,3276,NA,1092,NA,3,"particle counter",3,3276,NA
"JF2001","hermaphroditic","Koeleria cristata",NA,"KF06",NA,21.2415587137963,1.52486080574611,5256,NA,1752,NA,3,"particle counter",3,5256,NA
"JF2001","hermaphroditic","Koeleria cristata",NA,"KF07",NA,23.335903058703,2.0300121774393,2729,NA,909.666666666667,NA,3,"particle counter",3,2729,NA
"JF2001","hermaphroditic","Koeleria cristata",NA,"KF08",NA,22.1569673204158,1.39913127569539,5043,NA,1681,NA,3,"particle counter",3,5043,NA
"JF2001","hermaphroditic","Koeleria cristata",NA,"KF09",NA,20.6987639165738,1.51593349979811,4945,NA,1648.33333333333,NA,3,"particle counter",3,4945,NA
"JF2001","hermaphroditic","Koeleria cristata",NA,"KF10",NA,21.0560088961895,1.71944451067314,7055,NA,2351.66666666667,NA,3,"particle counter",3,7055,NA
"JF2001","hermaphroditic","Koeleria cristata",NA,"KF11",NA,21.1572889236492,1.38609353844368,2598,NA,866,NA,3,"particle counter",3,2598,NA
"JF2001","hermaphroditic","Koeleria cristata",NA,"3",NA,20.9109626796784,2.21279480107115,9447,NA,3149,NA,3,"particle counter",3,9447,NA
"JF2001","hermaphroditic","Koeleria cristata",NA,"4",NA,20.7671435167659,2.00408156016322,10399,NA,3466.33333333333,NA,3,"particle counter",3,10399,NA
"JF2001","hermaphroditic","Koeleria cristata",NA,"5",NA,21.1213637859509,2.39248375087498,6463,NA,2154.33333333333,NA,3,"particle counter",3,6463,NA
"JF2001","hermaphroditic","Koeleria cristata",NA,"6",NA,21.2399832835414,1.84084083958445,11467,NA,3822.33333333333,NA,3,"particle counter",3,11467,NA
"JF2001","hermaphroditic","Koeleria cristata",NA,"7",NA,22.1322595560445,1.61200449289021,6949,NA,2316.33333333333,NA,3,"particle counter",3,6949,NA
"JF2001","hermaphroditic","Koeleria cristata",NA,"8",NA,21.8337049069481,1.49667570998915,10785,NA,3595,NA,3,"particle counter",3,10785,NA
"JF2001","hermaphroditic","Koeleria cristata",NA,"9",NA,21.6400253385269,1.85488956901528,6216,NA,2072,NA,3,"particle counter",3,6216,NA
"JF2001","hermaphroditic","Koeleria cristata",NA,"10",NA,22.1168833760536,1.69862364328501,14883,NA,3720.75,NA,3,"particle counter",4,11162.25,NA
"JF2001","hermaphroditic","Koeleria cristata",NA,"11",NA,21.0780173773818,1.88105068600499,14455,NA,4818.33333333333,NA,3,"particle counter",3,14455,NA
"JF2001","hermaphroditic","Koeleria cristata",NA,"12",NA,21.2461982875035,1.82555879499081,9073,NA,3024.33333333333,NA,3,"particle counter",3,9073,NA
"JF2001","hermaphroditic","Koeleria cristata",NA,"13",NA,21.4084984471556,1.53913007969127,9222,NA,3074,NA,3,"particle counter",3,9222,NA
"JF2001","hermaphroditic","Koeleria cristata",NA,"14",NA,22.3335201774385,1.48771750858781,9955,NA,3318.33333333333,NA,3,"particle counter",3,9955,NA
"JF2001","hermaphroditic","Koeleria cristata",NA,"15",NA,20.8822970830106,2.59626676601576,6432,NA,2144,NA,3,"particle counter",3,6432,NA
"JF2001","hermaphroditic","Koeleria cristata",NA,"16",NA,22.6722473933751,1.52093087646867,7089,NA,2363,NA,3,"particle counter",3,7089,NA
"JF2001","hermaphroditic","Phalaris arundinacea",NA,"PA03",NA,31.0757348206858,2.82146205076491,6318,NA,2106,NA,3,"particle counter",3,6318,NA
"JF2001","hermaphroditic","Phalaris arundinacea",NA,"PA04",NA,31.8791193021645,1.75192662075801,2899.5,NA,1449.75,NA,3,"particle counter",2,4349.25,NA
"JF2001","hermaphroditic","Phalaris arundinacea",NA,"PA06",NA,32.2044916213634,3.60820054909131,2994,NA,1497,NA,3,"particle counter",2,4491,NA
"JF2001","hermaphroditic","Phalaris arundinacea",NA,"PA07",NA,32.4292139488157,2.26524319411187,1597,NA,532.333333333333,NA,3,"particle counter",3,1597,NA
"JF2001","hermaphroditic","Phalaris arundinacea",NA,"PA08",NA,32.5033961167183,2.14327522379086,5430,NA,1810,NA,3,"particle counter",3,5430,NA
"JF2001","hermaphroditic","Phalaris arundinacea",NA,"PA09",NA,31.9814802623409,2.51814822074227,4140,NA,1380,NA,3,"particle counter",3,4140,NA
"JF2001","hermaphroditic","Phalaris arundinacea",NA,"PA10",NA,32.5265246867369,2.5526917529444,5098,NA,1699.33333333333,NA,3,"particle counter",3,5098,NA
"JF2001","hermaphroditic","Poa juncifolia",NA,"PD01",NA,21.8485012988999,1.52528382046134,8389,NA,4194.5,NA,3,"particle counter",2,12583.5,NA
"JF2001","hermaphroditic","Poa juncifolia",NA,"PD02",NA,21.3717703852189,1.42420133281434,7018,NA,2339.33333333333,NA,3,"particle counter",3,7018,NA
"JF2001","hermaphroditic","Poa juncifolia",NA,"PD03",NA,21.5843549742958,8.11454324934882,4513,NA,1504.33333333333,NA,3,"particle counter",3,4513,NA
"JF2001","hermaphroditic","Poa juncifolia",NA,"PD04",NA,22.3321902717288,1.5076357561208,7099,NA,2366.33333333333,NA,3,"particle counter",3,7099,NA
"JF2001","hermaphroditic","Poa juncifolia",NA,"PD05",NA,22.994807375003,1.77430271847304,3959,NA,1319.66666666667,NA,3,"particle counter",3,3959,NA
"JF2001","hermaphroditic","Poa juncifolia",NA,"PD08",NA,20.017060764787,2.27037609473067,8492,NA,2830.66666666667,NA,3,"particle counter",3,8492,NA
"JF2001","hermaphroditic","Phleum pratense",NA,"C05",NA,28.8420969380937,2.36158764232425,2651.25,NA,662.8125,NA,3,"particle counter",4,1988.4375,NA
"JF2001","hermaphroditic","Phleum pratense",NA,"C10",NA,33.4591847968229,1.87719105903241,4495,NA,1498.33333333333,NA,3,"particle counter",3,4495,NA
"JF2001","hermaphroditic","Phleum pratense",NA,"C12",NA,27.8893466052309,2.78069827013232,4159.5,NA,2079.75,NA,3,"particle counter",2,6239.25,NA
"JF2001","hermaphroditic","Phleum pratense",NA,"C12",NA,27.0108178293999,1.76359650548606,3042,NA,1014,NA,3,"particle counter",3,3042,NA
"JF2001","hermaphroditic","Phleum pratense",NA,"C17",NA,29.2315612657127,1.77013817267688,796,NA,265.333333333333,NA,3,"particle counter",3,796,NA
"JF2001","hermaphroditic","Phleum pratense",NA,"M04",NA,30.0631760064128,1.61283870822151,3184,NA,1061.33333333333,NA,3,"particle counter",3,3184,NA
"JF2001","hermaphroditic","Phleum pratense",NA,"M12",NA,29.604937563974,1.56329646896435,2317,NA,772.333333333333,NA,3,"particle counter",3,2317,NA
"JF2001","hermaphroditic","Phleum pratense",NA,"M12",NA,30.7308890831653,1.35797048719848,2513,NA,837.666666666667,NA,3,"particle counter",3,2513,NA
"JF2001","hermaphroditic","Phleum pratense",NA,"M19",NA,32.4930470618999,1.78589550315553,4528,NA,1509.33333333333,NA,3,"particle counter",3,4528,NA
"JF2001","hermaphroditic","Phleum pratense",NA,"M2",NA,32.9265506993159,2.09564157801081,5437,NA,1812.33333333333,NA,3,"particle counter",3,5437,NA
"JF2001","hermaphroditic","Phleum pratense",NA,"M21",NA,31.6001765397173,2.33661734464146,3832,NA,1277.33333333333,NA,3,"particle counter",3,3832,NA
"JF2001","hermaphroditic","Phleum pratense",NA,"M26",NA,30.7847330511576,2.09012246483046,5259,NA,1753,NA,3,"particle counter",3,5259,NA
"JF2001","hermaphroditic","Phleum pratense",NA,"M26",NA,30.6684940388175,2.07780891434301,5435,NA,1811.66666666667,NA,3,"particle counter",3,5435,NA
"JF2001","hermaphroditic","Phleum pratense",NA,"N04",NA,30.7190660818189,1.78760860924312,3632,NA,1210.66666666667,NA,3,"particle counter",3,3632,NA
"JF2001","hermaphroditic","Phleum pratense",NA,"NOL",NA,31.0079858010292,1.56218355089119,5075,NA,1691.66666666667,NA,3,"particle counter",3,5075,NA
"JF2001","hermaphroditic","Phleum pratense",NA,"01C4",NA,31.3577957166964,2.72845766898533,7131,NA,2377,NA,3,"particle counter",3,7131,NA
"JF2001","hermaphroditic","Phleum pratense",NA,"02C4",NA,29.4195062917863,2.47576451307797,6593,NA,2197.66666666667,NA,3,"particle counter",3,6593,NA
"JF2001","hermaphroditic","Phleum pratense",NA,"03C2",NA,28.0572964535877,2.7048779419161,6332,NA,2110.66666666667,NA,3,"particle counter",3,6332,NA
"JF2001","hermaphroditic","Phleum pratense",NA,"04C6",NA,31.2142700111745,2.69619224168339,7961,NA,2653.66666666667,NA,3,"particle counter",3,7961,NA
"JF2001","hermaphroditic","Phleum pratense",NA,"05C3",NA,28.9387456497942,2.6074186080975,5841,NA,1947,NA,3,"particle counter",3,5841,NA
"JF2001","hermaphroditic","Phleum pratense",NA,"06C3",NA,29.6361108617475,2.36692573000316,4801,NA,1600.33333333333,NA,3,"particle counter",3,4801,NA
"JF2001","hermaphroditic","Phleum pratense",NA,"07C5",NA,30.0723583556603,2.3076549380346,4408,NA,1469.33333333333,NA,3,"particle counter",3,4408,NA
"JF2001","hermaphroditic","Phleum pratense",NA,"08C6",NA,27.7476332945619,3.04938230861267,5441,NA,1813.66666666667,NA,3,"particle counter",3,5441,NA
"JF2001","hermaphroditic","Phleum pratense",NA,"09C6",NA,26.8233199397184,2.98845588001703,5857,NA,1952.33333333333,NA,3,"particle counter",3,5857,NA
"JF2001","hermaphroditic","Phleum pratense",NA,"10C3",NA,32.3649300449965,2.61122804432641,7001,NA,2333.66666666667,NA,3,"particle counter",3,7001,NA
"JF2001","hermaphroditic","Phleum pratense",NA,"11C2",NA,27.9923477314508,2.35503716583261,7462,NA,2487.33333333333,NA,3,"particle counter",3,7462,NA
"JF2001","hermaphroditic","Phleum pratense",NA,"12C1",NA,29.5930747423887,2.13640697659161,6614,NA,2204.66666666667,NA,3,"particle counter",3,6614,NA
"JF2001","hermaphroditic","Phleum pratense",NA,"13C1",NA,30.3908018068002,1.88684005184615,5827,NA,1942.33333333333,NA,3,"particle counter",3,5827,NA
"JF2001","hermaphroditic","Phleum pratense",NA,"14C5",NA,27.6388263587212,2.7022175360267,7087,NA,2362.33333333333,NA,3,"particle counter",3,7087,NA
"JF2001","hermaphroditic","Phleum pratense",NA,"15C1",NA,27.8044328437515,2.13446303558806,6557,NA,2185.66666666667,NA,3,"particle counter",3,6557,NA
"JF2001","hermaphroditic","Poa pratensis",NA,NA,NA,24.68416974491,1.70324388783262,8189,NA,1364.83333333333,NA,3,"particle counter",6,4094.5,NA
"JF2001","hermaphroditic","Poa secunda subsp. secunda",NA,"PO02",NA,23.67372633444,2.19846434501468,4136,NA,1378.66666666667,NA,3,"particle counter",3,4136,NA
"JF2001","hermaphroditic","Poa secunda subsp. secunda",NA,"PO08",NA,23.6705599903325,1.34978159531465,1629,NA,814.5,NA,3,"particle counter",2,2443.5,NA
"JF2001","hermaphroditic","Poa secunda subsp. secunda",NA,"PO10",NA,22.9037483729141,1.49013924311327,1724,NA,574.666666666667,NA,3,"particle counter",3,1724,NA
"JF2001","hermaphroditic","Stipa columbiana",NA,"SF02",NA,30.0889761752398,2.84190769584311,1584,NA,528,NA,3,"particle counter",3,1584,NA
"JF2001","hermaphroditic","Stipa columbiana",NA,"SF04",NA,28.5567151267272,2.35284792276451,2749,NA,916.333333333333,NA,3,"particle counter",3,2749,NA
"JF2001","hermaphroditic","Stipa columbiana",NA,"SF05",NA,29.5061859468685,1.23271369811341,2699,NA,899.666666666667,NA,3,"particle counter",3,2699,NA
"JF2001","hermaphroditic","Stipa columbiana",NA,"SF06",NA,29.4083388561136,1.5407947814142,3277,NA,1092.33333333333,NA,3,"particle counter",3,3277,NA
"JF2001","hermaphroditic","Stipa columbiana",NA,"SF07",NA,30.0406631114013,1.06627096738515,4009,NA,1336.33333333333,NA,3,"particle counter",3,4009,NA
"JF2001","hermaphroditic","Stipa columbiana",NA,"SF08",NA,29.0175664208309,1.61739859296684,1870,NA,623.333333333333,NA,3,"particle counter",3,1870,NA
"JF2001","hermaphroditic","Stipa columbiana",NA,"SF09",NA,26.5174384721355,2.22689360574671,1906,NA,635.333333333333,NA,3,"particle counter",3,1906,NA
"JF2001","hermaphroditic","Stipa columbiana",NA,"1234",NA,28.2675624329685,2.8048663022489,1299.33333333333,NA,144.37037037037,NA,3,"particle counter",9,433.111111111111,NA
"JF2001","hermaphroditic","Stipa columbiana",NA,"5678",NA,27.419771871763,2.66395364131127,2137,NA,237.444444444444,NA,3,"particle counter",9,712.333333333333,NA
"JF2001","hermaphroditic","Stipa columbiana",NA,"9012",NA,26.5422683237862,2.46610156230525,2856,NA,317.333333333333,NA,3,"particle counter",9,952,NA
"JF2004","monoecious","Ambrosia artemisiifolia",NA,"N14",NA,17.6172488664081,1.20840908278864,17400,NA,756.521739130435,NA,23,"particle counter",23,17400,NA
"JF2004","monoecious","Ambrosia artemisiifolia",NA,"N21",NA,18.1785914292823,1.73433114106225,4780,NA,227.619047619048,NA,21,"particle counter",21,4780,NA
"JF2004","monoecious","Ambrosia artemisiifolia",NA,"N11",NA,17.5642290294239,1.28863177176725,18007,NA,692.576923076923,NA,26,"particle counter",26,18007,NA
"JF2004","monoecious","Ambrosia artemisiifolia",NA,"N30",NA,19.0321055497794,3.06705977034734,6022,NA,354.235294117647,NA,17,"particle counter",17,6022,NA
"JF2004","monoecious","Ambrosia artemisiifolia",NA,"N6",NA,17.4875389566263,1.59231651664447,6474,NA,308.285714285714,NA,21,"particle counter",21,6474,NA
"JF2004","monoecious","Ambrosia artemisiifolia",NA,"N12",NA,17.5517731330911,1.59934432436132,11605,NA,725.3125,NA,16,"particle counter",16,11605,NA
"JF2004","monoecious","Ambrosia artemisiifolia",NA,"N17",NA,17.9233004725187,1.77960483123292,7917,NA,439.833333333333,NA,18,"particle counter",18,7917,NA
"JF2004","monoecious","Ambrosia artemisiifolia",NA,"N28",NA,17.6842797932176,1.99576161818551,11724,NA,558.285714285714,NA,21,"particle counter",21,11724,NA
"JF2004","monoecious","Ambrosia artemisiifolia",NA,"N10",NA,18.0984020165808,1.66412026111166,21453,NA,1532.35714285714,NA,14,"particle counter",14,21453,NA
"JF2004","monoecious","Ambrosia artemisiifolia",NA,"N23",NA,17.7883990450247,1.60013532074449,12461,NA,733,NA,17,"particle counter",17,12461,NA
"JF2004","monoecious","Ambrosia artemisiifolia",NA,"N13",NA,17.9521886156355,1.4697502860971,9207,NA,541.588235294118,NA,17,"particle counter",17,9207,NA
"JF2004","monoecious","Ambrosia artemisiifolia",NA,"N9",NA,18.1365227826749,1.56595626209098,15592,NA,742.47619047619,NA,21,"particle counter",21,15592,NA
"JF2004","monoecious","Ambrosia artemisiifolia",NA,"N5",NA,17.990551703578,1.37839686582427,17371,NA,668.115384615385,NA,26,"particle counter",26,17371,NA
"JF2004","monoecious","Ambrosia artemisiifolia",NA,"N18",NA,18.1425696377219,1.80615640670769,4932,NA,352.285714285714,NA,14,"particle counter",14,4932,NA
"JF2004","monoecious","Ambrosia artemisiifolia",NA,"N8",NA,17.4858306650072,1.69327376493397,18206,NA,1517.16666666667,NA,12,"particle counter",12,18206,NA
"JF2004","monoecious","Ambrosia artemisiifolia",NA,"N10",NA,17.4560374602702,2.11811141460868,16285,NA,1357.08333333333,NA,12,"particle counter",12,16285,NA
"JF2004","monoecious","Ambrosia artemisiifolia",NA,"N5",NA,18.1034477510219,1.56773090344508,20427,NA,1201.58823529412,NA,17,"particle counter",17,20427,NA
"JF2004","monoecious","Ambrosia artemisiifolia",NA,"N23",NA,17.4410948763155,1.66193310625832,11530,NA,768.666666666667,NA,15,"particle counter",15,11530,NA
"JF2004","monoecious","Ambrosia artemisiifolia",NA,"N4",NA,18.8362796235553,1.56091331882047,18815,NA,1254.33333333333,NA,15,"particle counter",15,18815,NA
"JF2004","monoecious","Ambrosia artemisiifolia",NA,"N10",NA,17.9549648510678,1.49700800950411,16400,NA,683.333333333333,NA,24,"particle counter",24,16400,NA
"JF2004","monoecious","Ambrosia artemisiifolia",NA,"N11",NA,18.0566935289269,1.52054412320738,13396,NA,669.8,NA,20,"particle counter",20,13396,NA
"JF2004","hermaphroditic","Chenopodium album",NA,"N22",NA,24.5416803889665,1.10769631888819,1855,NA,463.75,NA,5,"particle counter",4,2318.75,NA
"JF2004","hermaphroditic","Chenopodium album",NA,"N19",NA,23.8574847460781,1.19301277834394,2513,NA,628.25,NA,5,"particle counter",4,3141.25,NA
"JF2004","hermaphroditic","Chenopodium album",NA,"N4",NA,24.7037486991586,1.85060673068322,1768,NA,442,NA,5,"particle counter",4,2210,NA
"JF2004","hermaphroditic","Chenopodium album",NA,"N16",NA,24.034222996528,1.2269850714842,2472,NA,824,NA,5,"particle counter",3,4120,NA
"JF2004","hermaphroditic","Chenopodium album",NA,"N20",NA,24.0510578411011,1.1530438837631,2314,NA,771.333333333333,NA,5,"particle counter",3,3856.66666666667,NA
"JF2004","hermaphroditic","Chenopodium album",NA,"N1",NA,23.4964092149749,1.57136893666099,1719,NA,573,NA,5,"particle counter",3,2865,NA
"JF2004","hermaphroditic","Chenopodium album",NA,"N30",NA,24.8311878600061,1.36785882325488,1576,NA,525.333333333333,NA,5,"particle counter",3,2626.66666666667,NA
"JF2004","hermaphroditic","Chenopodium album",NA,"N9",NA,24.2562458653715,1.12038695866536,2447,NA,611.75,NA,5,"particle counter",4,3058.75,NA
"JF2004","hermaphroditic","Chenopodium album",NA,"N10",NA,24.0149185842643,1.73415471329752,2230,NA,557.5,NA,5,"particle counter",4,2787.5,NA
"JF2004","hermaphroditic","Chenopodium album",NA,"N16",NA,25.448252172029,1.86284702541751,1658,NA,552.666666666667,NA,5,"particle counter",3,2763.33333333333,NA
"JF2004","hermaphroditic","Chenopodium album",NA,"N6",NA,24.7455750026089,1.38362096967537,2328,NA,582,NA,5,"particle counter",4,2910,NA
"JF2004","hermaphroditic","Chenopodium album",NA,"N6",NA,23.2693969423081,1.65845460301219,2218,NA,739.333333333333,NA,5,"particle counter",3,3696.66666666667,NA
"JF2004","hermaphroditic","Chenopodium album",NA,"N30",NA,25.0893678029133,1.13875463307788,1093,NA,273.25,NA,5,"particle counter",4,1366.25,NA
"JF2004","hermaphroditic","Chenopodium album",NA,"N18",NA,24.4626755345114,1.1193623127052,894,NA,298,NA,5,"particle counter",3,1490,NA
"JF2004","hermaphroditic","Chenopodium album",NA,"N28",NA,24.3123147283113,1.23152951503271,1290,NA,430,NA,5,"particle counter",3,2150,NA
"JF2004","hermaphroditic","Chenopodium album",NA,"N5",NA,23.4898448462204,1.04346695444817,1428,NA,476,NA,5,"particle counter",3,2380,NA
"JF2004","hermaphroditic","Chenopodium album",NA,"N17",NA,23.6577926282275,1.94433016033575,2032,NA,508,NA,5,"particle counter",4,2540,NA
"JF2004","hermaphroditic","Chenopodium album",NA,"N8",NA,24.0800335601961,1.80597668267678,1440,NA,480,NA,5,"particle counter",3,2400,NA
"JF2004","hermaphroditic","Chenopodium album",NA,"N29",NA,24.4363761407939,1.31645780087446,2238,NA,559.5,NA,5,"particle counter",4,2797.5,NA
"JF2004","hermaphroditic","Chenopodium album",NA,"N26",NA,24.3057729740623,1.12490830136818,1159,NA,386.333333333333,NA,5,"particle counter",3,1931.66666666667,NA
"JF2004","hermaphroditic","Chenopodium album",NA,"N21",NA,23.9003624718211,1.13135123001277,1270,NA,423.333333333333,NA,5,"particle counter",3,2116.66666666667,NA
"JF2004","hermaphroditic","Chenopodium album",NA,"N27",NA,23.470484054447,1.18692504023027,1819,NA,454.75,NA,5,"particle counter",4,2273.75,NA
"JF2004","monoecious","Carex communis",NA,"n21",NA,25.4213758267276,1.64063887140245,14663,NA,637.521739130435,NA,3,"particle counter",23,1912.5652173913,NA
"JF2004","monoecious","Carex communis",NA,"n22",NA,25.9391558550804,1.78037557331817,12718,NA,508.72,NA,3,"particle counter",25,1526.16,NA
"JF2004","monoecious","Carex communis",NA,"a",NA,24.5885652449773,1.6731100778701,12873,NA,613,NA,3,"particle counter",21,1839,NA
"JF2004","monoecious","Carex communis",NA,"b",NA,25.1717823975575,1.51194810370516,16657,NA,574.379310344828,NA,3,"particle counter",29,1723.13793103448,NA
"JF2004","monoecious","Carex communis",NA,"h",NA,25.4957035487318,2.02823175570746,13380,NA,637.142857142857,NA,3,"particle counter",21,1911.42857142857,NA
"JF2004","monoecious","Carex communis",NA,"n8",NA,25.4010180734014,1.91086948296266,17059,NA,741.695652173913,NA,3,"particle counter",23,2225.08695652174,NA
"JF2004","monoecious","Carex communis",NA,"c",NA,25.9768558119342,1.94630932132474,21732,NA,776.142857142857,NA,3,"particle counter",28,2328.42857142857,NA
"JF2004","monoecious","Carex communis",NA,"n24",NA,23.1977643234219,5.05271531411447,26227,NA,546.395833333333,NA,3,"particle counter",48,1639.1875,NA
"JF2004","monoecious","Carex communis",NA,"d",NA,25.7676711090023,1.91962535115407,10141,NA,507.05,NA,3,"particle counter",20,1521.15,NA
"JF2004","monoecious","Carex communis",NA,"e",NA,25.0373230555604,1.30223052592472,23901,NA,724.272727272727,NA,3,"particle counter",33,2172.81818181818,NA
"JF2004","monoecious","Carex communis",NA,"n23",NA,24.4103444200431,1.83010349936828,25326,NA,617.707317073171,NA,3,"particle counter",41,1853.12195121951,NA
"JF2004","monoecious","Carex communis",NA,"f",NA,24.9890397653835,1.60669763267411,12453,NA,732.529411764706,NA,3,"particle counter",17,2197.58823529412,NA
"JF2004","monoecious","Carex communis",NA,"g",NA,26.1074629710491,1.80619640814944,11749,NA,652.722222222222,NA,3,"particle counter",18,1958.16666666667,NA
"JF2004","monoecious","Carex communis",NA,"n21",NA,24.732553945615,1.53195108451516,15241,NA,564.481481481482,NA,3,"particle counter",27,1693.44444444444,NA
"JF2004","monoecious","Carex communis",NA,"n22",NA,24.7521356960703,1.56248762016144,23468,NA,533.363636363636,NA,3,"particle counter",44,1600.09090909091,NA
"JF2004","monoecious","Carex communis",NA,"n25",NA,23.5773951692456,4.864192208244,22939,NA,521.340909090909,NA,3,"particle counter",44,1564.02272727273,NA
"JF2004","monoecious","Carex communis",NA,"n25",NA,20.0464275120702,5.45477542164506,28621,NA,650.477272727273,NA,3,"particle counter",44,1951.43181818182,NA
"JF2004","monoecious","Carex communis",NA,"n24",NA,18.5509508967124,5.34678365796429,18468,NA,384.75,NA,3,"particle counter",48,1154.25,NA
"JF2004","monoecious","Carex hirtifolia",NA,"a",NA,25.1002578169335,1.3657046649457,34206,NA,855.15,NA,3,"particle counter",40,2565.45,NA
"JF2004","monoecious","Carex hirtifolia",NA,"b",NA,24.6683182855218,1.41367197949965,36087,NA,949.657894736842,NA,3,"particle counter",38,2848.97368421053,NA
"JF2004","monoecious","Carex hirtifolia",NA,"n3",NA,26.0202039205574,2.00388276442907,17352,NA,495.771428571429,NA,3,"particle counter",35,1487.31428571429,NA
"JF2004","monoecious","Carex hirtifolia",NA,"n24",NA,25.5704681135668,1.28378050396207,46233,NA,811.105263157895,NA,3,"particle counter",57,2433.31578947368,NA
"JF2004","monoecious","Carex hirtifolia",NA,"c",NA,24.8820236904507,1.35031951205717,28832,NA,465.032258064516,NA,3,"particle counter",62,1395.09677419355,NA
"JF2004","monoecious","Carex hirtifolia",NA,"n20",NA,24.9413839349847,1.3775613621869,30637,NA,828.027027027027,NA,3,"particle counter",37,2484.08108108108,NA
"JF2004","monoecious","Carex hirtifolia",NA,"n16",NA,25.2833069090587,1.29904398080858,11562,NA,578.1,NA,3,"particle counter",20,1734.3,NA
"JF2004","monoecious","Carex hirtifolia",NA,"n19",NA,25.2025417469908,1.27828245412664,25779,NA,758.205882352941,NA,3,"particle counter",34,2274.61764705882,NA
"JF2004","monoecious","Carex hirtifolia",NA,"n2",NA,24.7334180170161,1.29111402373179,11273,NA,593.315789473684,NA,3,"particle counter",19,1779.94736842105,NA
"JF2004","monoecious","Carex hirtifolia",NA,"d",NA,24.8673991710069,1.35364618362292,15360,NA,590.769230769231,NA,3,"particle counter",26,1772.30769230769,NA
"JF2004","monoecious","Carex hirtifolia",NA,"e",NA,25.3198696091697,1.27571098792578,20147,NA,839.458333333333,NA,3,"particle counter",24,2518.375,NA
"JF2004","monoecious","Carex hirtifolia",NA,"n24",NA,26.0711272832682,1.2571708875757,17924,NA,640.142857142857,NA,3,"particle counter",28,1920.42857142857,NA
"JF2004","monoecious","Carex hirtifolia",NA,"n22",NA,25.2274094285876,1.31885804408701,12700,NA,668.421052631579,NA,3,"particle counter",19,2005.26315789474,NA
"JF2004","monoecious","Carex hirtifolia",NA,"f",NA,25.4792597166223,1.29913387384034,17338,NA,642.148148148148,NA,3,"particle counter",27,1926.44444444444,NA
"JF2004","monoecious","Carex hirtifolia",NA,"g",NA,25.2051679828277,1.18399559849347,10592,NA,588.444444444444,NA,3,"particle counter",18,1765.33333333333,NA
"JF2004","monoecious","Carex hirtifolia",NA,"n5",NA,24.9960821206297,1.25122257868967,11152,NA,697,NA,3,"particle counter",16,2091,NA
"JF2004","monoecious","Carex hirtifolia",NA,"h",NA,25.3822330748118,1.42573344620159,6932,NA,364.842105263158,NA,3,"particle counter",19,1094.52631578947,NA
"JF2004","monoecious","Carex hirtifolia",NA,"i",NA,24.9292821432082,1.79977716835735,17965,NA,598.833333333333,NA,3,"particle counter",30,1796.5,NA
"JF2004","monoecious","Carex pedunculata",NA,"n5",NA,23.2281022218831,1.16735390349474,33638,NA,909.135135135135,NA,3,"particle counter",37,2727.40540540541,NA
"JF2004","monoecious","Carex pedunculata",NA,"n12",NA,24.5998349389491,1.21617557261428,24230,NA,563.488372093023,NA,3,"particle counter",43,1690.46511627907,NA
"JF2004","monoecious","Carex pedunculata",NA,"n1",NA,24.1645567328419,2.74510566994842,24295,NA,433.839285714286,NA,3,"particle counter",56,1301.51785714286,NA
"JF2004","monoecious","Carex pedunculata",NA,"n2",NA,25.2446876916037,1.78030443237567,21529,NA,439.367346938775,NA,3,"particle counter",49,1318.10204081633,NA
"JF2004","monoecious","Carex pedunculata",NA,"n14",NA,23.5827760296808,1.39027324641063,26183,NA,513.392156862745,NA,3,"particle counter",51,1540.17647058824,NA
"JF2004","monoecious","Carex pedunculata",NA,"n7",NA,25.4333744455394,1.53560624897291,25697,NA,584.022727272727,NA,3,"particle counter",44,1752.06818181818,NA
"JF2004","monoecious","Carex pedunculata",NA,"n8",NA,25.3138141022572,1.40128486321559,15733,NA,334.744680851064,NA,3,"particle counter",47,1004.23404255319,NA
"JF2004","monoecious","Carex pedunculata",NA,"n1",NA,24.4462557992276,1.3367376397349,19529,NA,390.58,NA,3,"particle counter",50,1171.74,NA
"JF2004","monoecious","Carex pedunculata",NA,"n6",NA,24.5398090194427,1.18753669600823,28567,NA,583,NA,3,"particle counter",49,1749,NA
"JF2004","monoecious","Carex pedunculata",NA,"n4",NA,25.9708036498088,1.62305897134472,25253,NA,435.396551724138,NA,3,"particle counter",58,1306.18965517241,NA
"JF2004","monoecious","Carex pedunculata",NA,"n7",NA,25.2794152686705,1.30912929895175,35773,NA,627.59649122807,NA,3,"particle counter",57,1882.78947368421,NA
"JF2004","monoecious","Carex pedunculata",NA,"n3",NA,24.4056799761684,1.7149643044408,23138,NA,472.204081632653,NA,3,"particle counter",49,1416.61224489796,NA
"JF2004","monoecious","Carex pedunculata",NA,"n13",NA,24.5390803062568,1.1754762767498,19333,NA,394.551020408163,NA,3,"particle counter",49,1183.65306122449,NA
"JF2004","monoecious","Carex pedunculata",NA,"n9",NA,23.7385080271731,1.54831158825817,23534,NA,534.863636363636,NA,3,"particle counter",44,1604.59090909091,NA
"JF2004","monoecious","Carex pedunculata",NA,"n6",NA,24.4616049236812,1.75347797959991,25424,NA,479.698113207547,NA,3,"particle counter",53,1439.09433962264,NA
"JF2004","monoecious","Carex pedunculata",NA,"n3",NA,24.5238045314703,1.20377285870139,25485,NA,431.949152542373,NA,3,"particle counter",59,1295.84745762712,NA
"JF2004","monoecious","Carex pedunculata",NA,"n4",NA,24.8648728966796,1.21157796388012,32136,NA,510.095238095238,NA,3,"particle counter",63,1530.28571428571,NA
"JF2004","monoecious","Carex pedunculata",NA,"n15",NA,25.5469790710751,1.27465233063373,41525,NA,610.661764705882,NA,3,"particle counter",68,1831.98529411765,NA
"JF2004","monoecious","Carex pedunculata",NA,"n15",NA,24.1435824735406,1.69905444618586,36420,NA,587.41935483871,NA,3,"particle counter",62,1762.25806451613,NA
"JF2004","monoecious","Carex plantaginea",NA,"N4",NA,26.7505925990338,1.94910725769928,118519,NA,1128.75238095238,NA,NA,"particle counter",105,NA,NA
"JF2004","monoecious","Carex plantaginea",NA,"N12",NA,27.2304848023051,2.02012874916459,85496,NA,872.408163265306,NA,NA,"particle counter",98,NA,NA
"JF2004","monoecious","Carex plantaginea",NA,"N6",NA,27.0340419307341,2.01555469071267,104004,NA,954.165137614679,NA,NA,"particle counter",109,NA,NA
"JF2004","monoecious","Carex plantaginea",NA,"A",NA,27.0913522020014,2.12538296772912,109114,NA,1069.74509803922,NA,NA,"particle counter",102,NA,NA
"JF2004","monoecious","Carex stipata",NA,"n6",NA,24.2350282230661,1.59442972448613,2813,NA,255.727272727273,NA,3,"particle counter",11,767.181818181818,NA
"JF2004","monoecious","Carex stipata",NA,"n14",NA,25.7335360459785,1.45546308789345,4595,NA,353.461538461538,NA,3,"particle counter",13,1060.38461538462,NA
"JF2004","monoecious","Carex stipata",NA,"n24",NA,24.282322047778,1.33621581974374,4627,NA,330.5,NA,3,"particle counter",14,991.5,NA
"JF2004","monoecious","Carex stipata",NA,"n11",NA,24.1569323802346,1.88145383134639,3470,NA,315.454545454545,NA,3,"particle counter",11,946.363636363636,NA
"JF2004","monoecious","Carex stipata",NA,"n7",NA,25.3185245395443,2.49710864520162,3915,NA,559.285714285714,NA,3,"particle counter",7,1677.85714285714,NA
"JF2004","monoecious","Carex stipata",NA,"n2",NA,24.6658835564451,1.47939121535118,4431,NA,443.1,NA,3,"particle counter",10,1329.3,NA
"JF2004","monoecious","Carex stipata",NA,"n22",NA,24.2821360577561,1.26846293771601,4859,NA,485.9,NA,3,"particle counter",10,1457.7,NA
"JF2004","monoecious","Carex stipata",NA,"b",NA,24.2005344650574,1.4296986986021,4264,NA,426.4,NA,3,"particle counter",10,1279.2,NA
"JF2004","monoecious","Carex stipata",NA,"c",NA,24.3107774511447,1.64078998775944,4702,NA,391.833333333333,NA,3,"particle counter",12,1175.5,NA
"JF2004","monoecious","Carex stipata",NA,"n30",NA,24.3065266486307,1.63413446698298,3437,NA,491,NA,3,"particle counter",7,1473,NA
"JF2004","monoecious","Carex stipata",NA,"n17",NA,24.1354484014085,1.33182353343183,5255,NA,525.5,NA,3,"particle counter",10,1576.5,NA
"JF2004","monoecious","Carex stipata",NA,"n23",NA,24.358484982653,1.55000070907128,2975,NA,371.875,NA,3,"particle counter",8,1115.625,NA
"JF2004","monoecious","Carex stipata",NA,"n25",NA,24.6308142977525,1.62097765990883,4858,NA,539.777777777778,NA,3,"particle counter",9,1619.33333333333,NA
"JF2004","monoecious","Carex stipata",NA,"a",NA,23.8057437694079,1.7319157345558,5552,NA,462.666666666667,NA,3,"particle counter",12,1388,NA
"JF2004","monoecious","Carex stipata",NA,"n21",NA,24.0894610797206,1.39189151434052,5087,NA,423.916666666667,NA,3,"particle counter",12,1271.75,NA
"JF2004","monoecious","Carex stipata",NA,"n19",NA,24.0249418042555,1.54660724260881,4888,NA,444.363636363636,NA,3,"particle counter",11,1333.09090909091,NA
"JF2004","monoecious","Carex stipata",NA,"n13",NA,23.8266717621318,1.23034092204325,3774,NA,377.4,NA,3,"particle counter",10,1132.2,NA
"JF2004","monoecious","Carex stipata",NA,"n28",NA,24.3916779937811,1.32473246124189,6084,NA,380.25,NA,3,"particle counter",16,1140.75,NA
"JF2004","monoecious","Carex stipata",NA,"n12",NA,24.2209307110166,1.84097550723872,5678,NA,567.8,NA,3,"particle counter",10,1703.4,NA
"JF2004","monoecious","Carex stipata",NA,"a",NA,24.4111241019263,1.47087815996526,4038,NA,448.666666666667,NA,3,"particle counter",9,1346,NA
"JF2004","monoecious","Carex stipata",NA,"n26",NA,24.5140260057129,1.39137533715859,5758,NA,383.866666666667,NA,3,"particle counter",15,1151.6,NA
"JF2004","monoecious","Carex stipata",NA,"n27",NA,23.9177120126497,1.46266757337164,4734,NA,473.4,NA,3,"particle counter",10,1420.2,NA
"JF2004","monoecious","Carex stipata",NA,"n18",NA,23.9560316127477,1.28077772493316,3558,NA,355.8,NA,3,"particle counter",10,1067.4,NA
"JF2004","monoecious","Carex stipata",NA,"a",NA,24.7304606422649,1.20499402699667,4331,NA,333.153846153846,NA,3,"particle counter",13,999.461538461538,NA
"JF2004","monoecious","Carex stipata",NA,"n29",NA,24.2659542224476,1.35586533086566,3169,NA,396.125,NA,3,"particle counter",8,1188.375,NA
"JF2004","monoecious","Carex stipata",NA,"n20",NA,24.2993994698735,1.41696554506722,3993,NA,399.3,NA,3,"particle counter",10,1197.9,NA
"JF2004","monoecious","Carex stipata",NA,"n11",NA,24.357979355181,1.24462144931582,5132,NA,466.545454545455,NA,3,"particle counter",11,1399.63636363636,NA
"JF2004","monoecious","Carex stipata",NA,"n4",NA,24.2704062885001,1.15922396502838,4788,NA,478.8,NA,3,"particle counter",10,1436.4,NA
"JF2004","monoecious","Carex stipata",NA,"n4",NA,24.3529270999409,1.63780634989064,3282,NA,328.2,NA,3,"particle counter",10,984.6,NA
"JF2004","monoecious","Carex stipata",NA,"n2",NA,24.5324045716289,1.53406625005583,4756,NA,432.363636363636,NA,3,"particle counter",11,1297.09090909091,NA
"JF2004","monoecious","Carex stipata",NA,"n7",NA,24.536336662088,1.27715117257423,3633,NA,403.666666666667,NA,3,"particle counter",9,1211,NA
"JF2004","monoecious","Carex stipata",NA,"f",NA,26.167558443797,1.22837527712303,2386,NA,397.666666666667,NA,3,"particle counter",6,1193,NA
"JF2004","monoecious","Carex stipata",NA,"g",NA,26.7029288322387,1.40696979271333,2440,NA,406.666666666667,NA,3,"particle counter",6,1220,NA
"JF2004","monoecious","Carex stipata",NA,"h",NA,26.0443198653769,1.38978261684923,2279,NA,379.833333333333,NA,3,"particle counter",6,1139.5,NA
"JF2004","monoecious","Carex stipata",NA,"I",NA,26.4532821243082,1.1316100883913,1645,NA,329,NA,3,"particle counter",5,987,NA
"JF2004","monoecious","Carex stipata",NA,"j",NA,25.9300075715381,1.25604209373064,1959,NA,326.5,NA,3,"particle counter",6,979.5,NA
"JF2004","hermaphroditic","Plantago lanceolata",NA,"a",NA,23.1564683292835,1.67657082353721,11547,NA,2886.75,NA,4,"particle counter",4,11547,NA
"JF2004","hermaphroditic","Plantago lanceolata",NA,"b",NA,20.0710740180139,4.40211361423332,13055,NA,3263.75,NA,4,"particle counter",4,13055,NA
"JF2004","hermaphroditic","Plantago lanceolata",NA,"c",NA,22.7424997784792,1.89534791824557,14678,NA,3669.5,NA,4,"particle counter",4,14678,NA
"JF2004","hermaphroditic","Plantago lanceolata",NA,"n2",NA,21.9854851188924,1.26046407620901,7397,NA,1849.25,NA,4,"particle counter",4,7397,NA
"JF2004","hermaphroditic","Plantago lanceolata",NA,"d",NA,22.7351852099018,1.4462243964705,9978,NA,2494.5,NA,4,"particle counter",4,9978,NA
"JF2004","hermaphroditic","Plantago lanceolata",NA,"n3",NA,22.1584184870298,1.09866115462537,9409,NA,2352.25,NA,4,"particle counter",4,9409,NA
"JF2004","hermaphroditic","Plantago lanceolata",NA,"e",NA,20.7613058190768,1.47816027194967,11402,NA,2850.5,NA,4,"particle counter",4,11402,NA
"JF2004","hermaphroditic","Plantago lanceolata",NA,"f",NA,21.335235170169,1.66810877143467,9741,NA,2435.25,NA,4,"particle counter",4,9741,NA
"JF2004","hermaphroditic","Plantago lanceolata",NA,"g",NA,22.0691877281576,1.15820125033713,9503,NA,2375.75,NA,4,"particle counter",4,9503,NA
"JF2004","hermaphroditic","Plantago lanceolata",NA,"h",NA,21.4827861196543,1.17514634079317,9409,NA,2352.25,NA,4,"particle counter",4,9409,NA
"JF2004","hermaphroditic","Plantago lanceolata",NA,"i",NA,18.5882128667403,4.13119558629262,14216,NA,3554,NA,4,"particle counter",4,14216,NA
"JF2004","hermaphroditic","Plantago lanceolata",NA,"j",NA,21.1821814261667,1.3676401937378,12996,NA,3249,NA,4,"particle counter",4,12996,NA
"JF2004","hermaphroditic","Plantago lanceolata",NA,"k",NA,21.5949791276587,1.12061630156017,12228,NA,3057,NA,4,"particle counter",4,12228,NA
"JF2004","hermaphroditic","Plantago lanceolata",NA,"l",NA,21.473342766282,2.18546664036391,8146,NA,2036.5,NA,4,"particle counter",4,8146,NA
"JF2004","hermaphroditic","Plantago lanceolata",NA,"n9",NA,18.6059404006032,4.39125690944687,14641,NA,3660.25,NA,4,"particle counter",4,14641,NA
"JF2004","hermaphroditic","Plantago lanceolata",NA,"m",NA,22.1257370116086,1.88859826360508,8942,NA,2235.5,NA,4,"particle counter",4,8942,NA
"JF2004","hermaphroditic","Plantago lanceolata",NA,"n",NA,20.8753474828528,1.69379380780494,12089,NA,3022.25,NA,4,"particle counter",4,12089,NA
"JF2004","hermaphroditic","Plantago lanceolata",NA,"o",NA,19.4356600879577,3.20260578569293,18971,NA,4742.75,NA,4,"particle counter",4,18971,NA
"JF2004","hermaphroditic","Plantago lanceolata",NA,"p",NA,21.4993949689836,1.7263404204454,7616,NA,1904,NA,4,"particle counter",4,7616,NA
"JF2004","hermaphroditic","Plantago lanceolata",NA,"q",NA,20.9182055354039,1.60022756946282,4037,NA,1009.25,NA,4,"particle counter",4,4037,NA
"JF2004","hermaphroditic","Plantago lanceolata",NA,"r",NA,20.1574720849983,1.48312956458088,11475,NA,2868.75,NA,4,"particle counter",4,11475,NA
"JF2004","hermaphroditic","Plantago lanceolata",NA,"s",NA,21.4498687039957,1.95105624344031,13149,NA,3287.25,NA,4,"particle counter",4,13149,NA
"JF2004","hermaphroditic","Plantago lanceolata",NA,"t",NA,21.2725202700693,1.23156166229637,8805,NA,2201.25,NA,4,"particle counter",4,8805,NA
"JF2004","hermaphroditic","Plantago lanceolata",NA,"u",NA,22.1810051169755,1.71463215090102,10441,NA,2610.25,NA,4,"particle counter",4,10441,NA
"JF2004","dioecious","Rumex acetosella",NA,"m9",NA,19.3144059493806,1.54800188483664,23109,NA,2567.66666666667,NA,9,"particle counter",9,23109,NA
"JF2004","dioecious","Rumex acetosella",NA,"ma",NA,20.6950002088046,1.02391744590175,14107,NA,2351.16666666667,NA,6,"particle counter",6,14107,NA
"JF2004","dioecious","Rumex acetosella",NA,"m2",NA,19.7427433001943,1.55038035819065,13300,NA,2216.66666666667,NA,6,"particle counter",6,13300,NA
"JF2004","dioecious","Rumex acetosella",NA,"m1",NA,19.7061887388433,1.32790799821302,17202,NA,2867,NA,6,"particle counter",6,17202,NA
"JF2004","dioecious","Rumex acetosella",NA,"m25",NA,21.4885898893992,1.35352678957464,13662,NA,2277,NA,6,"particle counter",6,13662,NA
"JF2004","dioecious","Rumex acetosella",NA,"mb",NA,20.0988122643404,2.79370640422217,12807,NA,1600.875,NA,8,"particle counter",8,12807,NA
"JF2004","dioecious","Rumex acetosella",NA,"mc",NA,19.9506221629114,1.27688614366641,7240,NA,1034.28571428571,NA,7,"particle counter",7,7240,NA
"JF2004","dioecious","Rumex acetosella",NA,"md",NA,20.4478313642618,1.27580977118586,16463,NA,2743.83333333333,NA,6,"particle counter",6,16463,NA
"JF2004","dioecious","Rumex acetosella",NA,"me",NA,20.2326391260389,3.0920767639242,15664,NA,1424,NA,11,"particle counter",11,15664,NA
"JF2004","dioecious","Rumex acetosella",NA,"m22",NA,20.1403170770349,1.23011635644885,14875,NA,1859.375,NA,8,"particle counter",8,14875,NA
"JF2004","dioecious","Rumex acetosella",NA,"mf",NA,19.4395305428692,3.60033195943975,16907,NA,1878.55555555556,NA,9,"particle counter",9,16907,NA
"JF2004","dioecious","Rumex acetosella",NA,"mg",NA,20.121546107685,1.13753119433922,19450,NA,3241.66666666667,NA,6,"particle counter",6,19450,NA
"JF2004","dioecious","Rumex acetosella",NA,"m11",NA,19.4441235067165,1.48101480968524,17528,NA,2921.33333333333,NA,6,"particle counter",6,17528,NA
"JF2004","dioecious","Rumex acetosella",NA,"m17",NA,19.3501326927,1.63044192421978,15320,NA,1915,NA,8,"particle counter",8,15320,NA
"JF2004","dioecious","Rumex acetosella",NA,"m25",NA,20.0189788296464,2.07126737307912,11508,NA,1918,NA,6,"particle counter",6,11508,NA
"JF2004","dioecious","Rumex acetosella",NA,"m7",NA,19.3366125815732,1.61140754422565,16258,NA,1625.8,NA,10,"particle counter",10,16258,NA
"JF2004","dioecious","Rumex acetosella",NA,"m9",NA,19.5013920872351,1.36468613144246,12719,NA,2119.83333333333,NA,6,"particle counter",6,12719,NA
"JF2004","dioecious","Rumex acetosella",NA,"m28",NA,20.6030802888933,1.94441104246676,9074,NA,1296.28571428571,NA,7,"particle counter",7,9074,NA
"JF2004","dioecious","Rumex acetosella",NA,"mx",NA,19.6298451569309,1.30556697905764,10460,NA,1743.33333333333,NA,6,"particle counter",6,10460,NA
"JF2004","dioecious","Rumex acetosella",NA,"m25",NA,20.8803616161125,1.70394051481004,12115,NA,2019.16666666667,NA,6,"particle counter",6,12115,NA
"JF2004","dioecious","Rumex acetosella",NA,"m9",NA,19.3029215537525,1.18266859970697,20446,NA,1858.72727272727,NA,11,"particle counter",11,20446,NA
"JF2004","monoecious","Rumex crispus",NA,"a",NA,23.8591708392734,1.1604603601789,5197,NA,866.166666666667,NA,6,"particle counter",6,5197,NA
"JF2004","monoecious","Rumex crispus",NA,"n21",NA,24.8501187011164,1.88543519148236,4121,NA,686.833333333333,NA,6,"particle counter",6,4121,NA
"JF2004","monoecious","Rumex crispus",NA,"b",NA,23.7789569562856,1.74952390284291,5357,NA,892.833333333333,NA,6,"particle counter",6,5357,NA
"JF2004","monoecious","Rumex crispus",NA,"c",NA,24.4244549229125,1.19263695981103,5170,NA,861.666666666667,NA,6,"particle counter",6,5170,NA
"JF2004","monoecious","Rumex crispus",NA,"n4",NA,23.1071018593559,1.8498897960104,3746,NA,749.2,NA,5,"particle counter",5,3746,NA
"JF2004","monoecious","Rumex crispus",NA,"d",NA,24.8107770595829,1.36653825153709,3296,NA,549.333333333333,NA,6,"particle counter",6,3296,NA
"JF2004","monoecious","Rumex crispus",NA,"e",NA,23.4879669358509,1.66974975424725,3395,NA,848.75,NA,4,"particle counter",4,3395,NA
"JF2004","monoecious","Rumex crispus",NA,"r",NA,24.156104794516,1.51169826405846,5600,NA,933.333333333333,NA,6,"particle counter",6,5600,NA
"JF2004","monoecious","Rumex crispus",NA,"f",NA,24.1569440332783,1.18563454776316,4762,NA,793.666666666667,NA,6,"particle counter",6,4762,NA
"JF2004","monoecious","Rumex crispus",NA,"g",NA,24.5115254337022,1.84533829714516,3704,NA,740.8,NA,5,"particle counter",5,3704,NA
"JF2004","monoecious","Rumex crispus",NA,"h",NA,23.5703945339706,1.53068729188781,3627,NA,604.5,NA,6,"particle counter",6,3627,NA
"JF2004","monoecious","Rumex crispus",NA,"i",NA,24.0724551155539,1.90297721306318,4072,NA,678.666666666667,NA,6,"particle counter",6,4072,NA
"JF2004","monoecious","Rumex crispus",NA,"j",NA,24.3330903706853,1.4812332338181,3533,NA,706.6,NA,5,"particle counter",5,3533,NA
"JF2004","monoecious","Rumex crispus",NA,"k",NA,24.1717302887409,1.39180010929733,6534,NA,1089,NA,6,"particle counter",6,6534,NA
"JF2004","monoecious","Rumex crispus",NA,"l",NA,23.2543576766876,1.71798495030669,6615,NA,1102.5,NA,6,"particle counter",6,6615,NA
"JF2004","monoecious","Rumex crispus",NA,"m",NA,24.8482464658249,1.91859457458397,4167,NA,694.5,NA,6,"particle counter",6,4167,NA
"JF2004","monoecious","Rumex crispus",NA,"n",NA,23.048109613567,1.60242531714139,2994,NA,499,NA,6,"particle counter",6,2994,NA
"JF2004","monoecious","Rumex crispus",NA,"o",NA,23.9256354531132,1.93958299554591,3767,NA,627.833333333333,NA,6,"particle counter",6,3767,NA
"JF2004","monoecious","Rumex crispus",NA,"s1",NA,24.6825487511702,1.43435237418156,3414,NA,569,NA,6,"particle counter",6,3414,NA
"JF2004","monoecious","Rumex crispus",NA,"p",NA,24.0436359450951,1.59027865173685,3943,NA,657.166666666667,NA,6,"particle counter",6,3943,NA
"JF2004","monoecious","Scirpus microcarpus",NA,"a",NA,22.3981608901156,1.52826105535791,3095,NA,257.916666666667,NA,3,"particle counter",12,773.75,NA
"JF2004","monoecious","Scirpus microcarpus",NA,"b",NA,23.0777235944286,2.6139698428665,7009,NA,333.761904761905,NA,3,"particle counter",21,1001.28571428571,NA
"JF2004","monoecious","Scirpus microcarpus",NA,"c",NA,21.9711166101277,1.76325462123548,4839,NA,210.391304347826,NA,3,"particle counter",23,631.173913043478,NA
"JF2004","monoecious","Scirpus microcarpus",NA,"d",NA,23.2880177606192,3.07441049966541,5138,NA,197.615384615385,NA,3,"particle counter",26,592.846153846154,NA
"JF2004","monoecious","Scirpus microcarpus",NA,"e",NA,22.5651020289685,1.46146235833639,3393,NA,109.451612903226,NA,3,"particle counter",31,328.354838709677,NA
"JF2004","monoecious","Scirpus microcarpus",NA,"f",NA,23.1641435204021,2.19643617333133,5779,NA,148.179487179487,NA,3,"particle counter",39,444.538461538462,NA
"JF2004","monoecious","Scirpus microcarpus",NA,"g",NA,22.9140154749407,1.99043396911828,2826,NA,128.454545454545,NA,3,"particle counter",22,385.363636363636,NA
"JF2004","monoecious","Scirpus microcarpus",NA,"h",NA,22.4006097747027,1.61084493396176,4379,NA,141.258064516129,NA,3,"particle counter",31,423.774193548387,NA
"JF2004","monoecious","Scirpus microcarpus",NA,"i",NA,23.4449145233705,2.32395820951608,8514,NA,149.368421052632,NA,3,"particle counter",57,448.105263157895,NA
"JF2004","monoecious","Scirpus microcarpus",NA,"j",NA,23.2004184324305,2.09388772478461,5081,NA,110.45652173913,NA,3,"particle counter",46,331.369565217391,NA
"JF2004","monoecious","Scirpus microcarpus",NA,"k",NA,22.8880422753634,1.77034307986376,10377,NA,182.052631578947,NA,3,"particle counter",57,546.157894736842,NA
"JF2004","monoecious","Scirpus microcarpus",NA,"l",NA,23.0060376147773,1.76253254611565,6698,NA,126.377358490566,NA,3,"particle counter",53,379.132075471698,NA
"JF2004","monoecious","Scirpus microcarpus",NA,"m",NA,22.3179575139573,1.0950397750967,5670,NA,153.243243243243,NA,3,"particle counter",37,459.72972972973,NA
"JF2004","monoecious","Scirpus microcarpus",NA,"n",NA,22.5507275459629,1.22939684257292,4347,NA,117.486486486486,NA,3,"particle counter",37,352.459459459459,NA
"JF2004","hermaphroditic","Schizachne purpurascens",NA,"N3",NA,29.847386263326,1.45274668936681,541,NA,180.333333333333,NA,3,"particle counter",3,541,NA
"JF2004","hermaphroditic","Schizachne purpurascens",NA,"N13",NA,29.158128168011,1.31763607080182,1290,NA,430,NA,3,"particle counter",3,1290,NA
"JF2004","hermaphroditic","Schizachne purpurascens",NA,"X",NA,29.2550687047675,2.60345019812638,841,NA,420.5,NA,3,"particle counter",2,1261.5,NA
"JF2004","hermaphroditic","Schizachne purpurascens",NA,"N29",NA,28.7340100201523,1.78769918720449,1199,NA,399.666666666667,NA,3,"particle counter",3,1199,NA
"JF2004","hermaphroditic","Schizachne purpurascens",NA,"N13",NA,29.790757147933,1.77219774486429,844,NA,281.333333333333,NA,3,"particle counter",3,844,NA
"JF2004","hermaphroditic","Schizachne purpurascens",NA,"N28",NA,29.0027910028961,1.71495586851821,567,NA,189,NA,3,"particle counter",3,567,NA
"JF2004","hermaphroditic","Schizachne purpurascens",NA,"N27",NA,28.6059271990781,2.14458976571007,449,NA,149.666666666667,NA,3,"particle counter",3,449,NA
"JF2004","hermaphroditic","Schizachne purpurascens",NA,"N28",NA,29.5703714221723,1.66407353865469,1005,NA,335,NA,3,"particle counter",3,1005,NA
"JF2004","hermaphroditic","Schizachne purpurascens",NA,"D",NA,30.252609192272,1.97584963994748,1954,NA,325.666666666667,NA,3,"particle counter",6,977,NA
"JF2004","hermaphroditic","Schizachne purpurascens",NA,"E",NA,29.5558371656275,1.2840143262113,1164,NA,194,NA,3,"particle counter",6,582,NA
"JF2004","hermaphroditic","Schizachne purpurascens",NA,"G",NA,29.1615651595596,1.51611526997999,1920,NA,320,NA,3,"particle counter",6,960,NA
"JF2004","hermaphroditic","Schizachne purpurascens",NA,"L",NA,28.7157838472653,2.00784852555214,662,NA,220.666666666667,NA,3,"particle counter",3,662,NA
"JF2004","dioecious","Thalictrum dioicum",NA,"m12",NA,16.7782095512221,1.45889532701707,107173,NA,3969.37037037037,NA,27,"particle counter",27,107173,NA
"JF2004","dioecious","Thalictrum dioicum",NA,"m15",NA,16.0765850451525,1.68687565279018,105497,NA,3767.75,NA,28,"particle counter",28,105497,NA
"JF2004","dioecious","Thalictrum dioicum",NA,"m3",NA,15.9228573370436,1.8325236877943,141705,NA,5450.19230769231,NA,26,"particle counter",26,141705,NA
"JF2004","dioecious","Thalictrum dioicum",NA,"m8",NA,17.6023738044745,1.69565048997438,96955,NA,3231.83333333333,NA,30,"particle counter",30,96955,NA
"JF2004","dioecious","Thalictrum dioicum",NA,"m6",NA,16.5476291799584,1.60174673026791,140886,NA,5031.64285714286,NA,28,"particle counter",28,140886,NA
"JF2004","dioecious","Thalictrum dioicum",NA,"a",NA,16.268663703183,1.29783732959521,60839,NA,3379.94444444444,NA,18,"particle counter",18,60839,NA
"JF2004","dioecious","Thalictrum dioicum",NA,"m2",NA,15.8894209600253,1.66038384275345,27694,NA,1107.76,NA,25,"particle counter",25,27694,NA
"JF2004","dioecious","Thalictrum dioicum",NA,"m14",NA,15.8840308370202,1.49243483097846,100732,NA,3597.57142857143,NA,28,"particle counter",28,100732,NA
"JF2004","dioecious","Thalictrum dioicum",NA,"m5",NA,16.1391887655522,1.53937433242064,86747,NA,3336.42307692308,NA,26,"particle counter",26,86747,NA
"JF2004","dioecious","Thalictrum dioicum",NA,"m10",NA,17.3895889430116,1.49212827897014,27538,NA,1376.9,NA,20,"particle counter",20,27538,NA
"JF2004","dioecious","Thalictrum dioicum",NA,"m16",NA,17.48456430029,0.947887567671284,40649,NA,2032.45,NA,20,"particle counter",20,40649,NA
"JF2004","dioecious","Thalictrum dioicum",NA,"m18",NA,17.7117553519226,1.44415449364896,83059,NA,3955.19047619048,NA,21,"particle counter",21,83059,NA
"JF2004","dioecious","Thalictrum dioicum",NA,"b",NA,17.0718770937403,1.56568353244977,28783,NA,1251.4347826087,NA,23,"particle counter",23,28783,NA
"JF2004","dioecious","Thalictrum dioicum",NA,"c",NA,15.9574224150311,1.57851665670201,74416,NA,4134.22222222222,NA,18,"particle counter",18,74416,NA
"JF2004","dioecious","Thalictrum dioicum",NA,"d",NA,16.4533120992557,1.66673799761133,79512,NA,5300.8,NA,15,"particle counter",15,79512,NA
"JF2004","dioecious","Thalictrum dioicum",NA,"e",NA,16.9590744395224,1.82643349084404,69802,NA,3172.81818181818,NA,22,"particle counter",22,69802,NA
"JF2004","dioecious","Thalictrum dioicum",NA,"f",NA,17.4498716096226,1.91544630543007,107843,NA,3994.18518518519,NA,27,"particle counter",27,107843,NA
"JF2004","dioecious","Thalictrum dioicum",NA,"g",NA,16.4651884657835,1.83686682552993,84636,NA,4454.52631578947,NA,19,"particle counter",19,84636,NA
"JF2004","dioecious","Thalictrum dioicum",NA,"h",NA,16.3159519145488,1.57170336701765,21596,NA,1136.63157894737,NA,19,"particle counter",19,21596,NA
"JF2004","dioecious","Thalictrum dioicum",NA,"k",NA,16.1121771028094,1.581766716314,87598,NA,3808.60869565217,NA,23,"particle counter",23,87598,NA
"JF2004","dioecious","Thalictrum dioicum",NA,"m",NA,17.0400283163977,1.59405694925992,53728,NA,2238.66666666667,NA,24,"particle counter",24,53728,NA
"JF2004","dioecious","Thalictrum dioicum",NA,"n",NA,16.02623765283,1.71996124353809,114097,NA,4074.89285714286,NA,28,"particle counter",28,114097,NA
"JF2004","dioecious","Thalictrum dioicum",NA,"o",NA,16.2990105708837,1.45904823900658,79232,NA,2555.87096774194,NA,31,"particle counter",31,79232,NA
"CS2021","monoecious","Amaranthus retroflexus","FBF","1","A1",23.9614289004619,0.312057584351818,5,450.9976,2213.33333333333,520.512567891817,5,"manual",NA,11066.6666666666,2602.56283945908
"CS2021","monoecious","Amaranthus retroflexus","FBF","10","A10",26.404130187605,0.846441653200751,7,548.044714285714,1653.33333333333,520.512567891817,5,"manual",NA,8266.66666666665,2602.56283945908
"CS2021","monoecious","Amaranthus retroflexus","FBF","2","A2",25.4943211647821,2.43950294292105,8,514.5675,2800,486.621002423858,5,"manual",NA,14000,2433.10501211929
"CS2021","monoecious","Amaranthus retroflexus","FBF","3","A3",26.6745990169623,0.619794722973341,7,559.096285714286,2373.33333333333,46.1880215351701,5,"manual",NA,11866.6666666666,230.94010767585
"CS2021","monoecious","Amaranthus retroflexus","FBF","4","A4",23.9732957075272,0.819115891734493,7,451.834857142857,2400,366.606055596467,5,"manual",NA,12000,1833.03027798234
"CS2021","monoecious","Amaranthus retroflexus","FBF","5","A5",24.1348039469128,1.74518672156493,12,459.678333333333,3306.66666666667,46.1880215351701,5,"manual",NA,16533.3333333334,230.94010767585
"CS2021","monoecious","Amaranthus retroflexus","FBF","6","A6",26.4689900002493,2.370613941599,10,554.2282,2053.33333333333,92.3760430703401,5,"manual",NA,10266.6666666666,461.8802153517
"CS2021","monoecious","Amaranthus retroflexus","FBF","7","A7",25.2663820850759,1.19870824009299,6,502.330833333333,2773.33333333333,884.835201228643,5,"manual",NA,13866.6666666666,4424.17600614322
"CS2021","monoecious","Amaranthus retroflexus","FBF","8","A8",28.1492792290705,0.144454094502152,2,622.3435,1466.66666666667,323.316150746191,5,"manual",NA,7333.33333333335,1616.58075373095
"CS2021","monoecious","Amaranthus retroflexus","FBF","9","A9",25.820886746972,0.959665884567837,13,524.306923076923,3733.33333333333,789.2612579706,5,"manual",NA,18666.6666666666,3946.306289853
"CS2021","monoecious","Amaranthus retroflexus","FBF2","1","A1",23.7378185230341,1.33260617536617,12,443.837833333333,3200,277.12812921102,5,"manual",NA,16000,1385.6406460551
"CS2021","monoecious","Amaranthus retroflexus","FBF2","2","A2",22.7073224639215,2.22848976497428,17,408.639941176471,3440,301.99337741083,5,"manual",NA,17200,1509.96688705415
"CS2021","monoecious","Amaranthus retroflexus","FBF2","3","A3",21.9172343621785,1.76868723057963,32,379.6580625,2826.66666666667,122.202018532156,5,"manual",NA,14133.3333333334,611.01009266078
"CS2021","monoecious","Amaranthus retroflexus","FBF2","4","A4",23.3001200524153,1.01733161341488,14,427.144,2666.66666666667,280.95076674274,5,"manual",NA,13333.3333333334,1404.7538337137
"CS2021","monoecious","Amaranthus retroflexus","FBF2","5","A5",24.0156846167048,2.31590093395887,6,456.491166666667,2586.66666666667,378.065250100209,5,"manual",NA,12933.3333333334,1890.32625050105
"CS2021","monoecious","Amaranthus retroflexus","FBF2","6","A6",23.538679506148,1.89285779874642,8,437.627375,2880,80,5,"manual",NA,14400,400
